Workbook
Name _GoBack: Ф5!#REF!
Name _GoBack: 'Ф-6 Заг'!$H$19
Name авто: [1]Ф3!$B$324:$B$332
Name авто: [2]Ф3!#REF!
Name авто: '[3]Форма 3,4'!$B$171:$B$180
Name авто: Ф2!#REF!
Name авто: Ф4!$B$128:$B$137
Name авто: Ф3!$B$324:$B$332
Name адм: [1]Ф3!$B$288:$B$306
Name адм: [2]Ф3!#REF!
Name адм: '[3]Форма 3,4'!$B$136:$B$154
Name адм: Ф2!#REF!
Name адм: Ф4!$B$93:$B$111
Name адм: Ф3!$B$288:$B$306
Name банно: [1]Ф3!$B$282:$B$285
Name банно: [2]Ф3!#REF!
Name банно: '[3]Форма 3,4'!$B$130:$B$133
Name банно: Ф2!#REF!
Name банно: Ф4!$B$87:$B$90
Name банно: Ф3!$B$282:$B$285
Name гибель: Ф1!$B$9:$B$10
Name да_нет: [1]пожар!$F$2:$F$3
Name да_нет: [4]пожар!$F$2:$F$3
Name да_нет: 'спасено людей'!$F$2:$F$3
Name да_нет: 'спасено мат.ценостей'!$F$2:$F$3
Name да_нет: ущерб!$F$2:$F$3
Name да_нет: пожар!$F$2:$F$3
Name детские: [1]Ф3!$B$254:$B$257
Name детские: [2]Ф3!#REF!
Name детские: '[3]Форма 3,4'!$B$102:$B$105
Name детские: Ф2!#REF!
Name детские: Ф4!$B$59:$B$62
Name детские: Ф3!$B$254:$B$257
Name жилой: [1]Ф3!$B$335:$B$341
Name жилой: [2]Ф3!#REF!
Name жилой: '[3]Форма 3,4'!$B$183:$B$189
Name жилой: Ф2!#REF!
Name жилой: Ф4!$B$140:$B$146
Name жилой: Ф3!$B$335:$B$341
Name жилые: Ф3!$B$335:$B$341
Name й: #REF!
Name й: #REF!
Name й: #REF!
Name й: #REF!
Name й: #REF!
Name й: #REF!
Name й: #REF!
Name й: #REF!
Name культурнозрелищные: [1]Ф3!$B$260:$B$265
Name культурнозрелищные: [2]Ф3!#REF!
Name культурнозрелищные: '[3]Форма 3,4'!$B$108:$B$113
Name культурнозрелищные: Ф2!#REF!
Name культурнозрелищные: Ф4!$B$65:$B$70
Name культурнозрелищные: Ф3!$B$260:$B$265
Name лес: [1]Ф3!$B$344:$B$345
Name лес: [2]Ф3!#REF!
Name лес: '[3]Форма 3,4'!$B$192:$B$193
Name лес: Ф2!#REF!
Name лес: Ф4!$B$149:$B$150
Name лес: Ф3!$B$344:$B$345

Sheet Данные
B1: с | C1: по
A2: ОТЧЕТ | B2: 42736 | C2: 43100
B4: да | C4: нет
A5: Аксуский
A6: Алакольский
A7: Балхашский
A8: Енбекшиказахский
A9: Ескельдинский
A10: Жамбылский
A11: Илийский
A12: Карасайский
A13: Каратальский
A14: Кербулакский
A15: Коксуский
A16: Панфиловский
... A24: ДЧС

Sheet Ф1
E1: (форма 1)
A2: Общие сведения о пожарах и гибели людей на территории Алматинской области
A4: Отчет за 2017 год | F4: январь | I4: % от общего числа | L4: Аксуский | O4: Алакольский | R4: Балхашский | U4: Енбекшиказахский | X4: Ескельдинский | AA4: Жамбылский | AD4: Илийский | AG4: Карасайский | AJ4: Каратальский | AM4: Кербулакский | AP4: Коксуский | AS4: Панфиловский | AV4: Райымбекский | AY4: Саркандский | BB4: Талгарский | BE4: Уйгурский | BH4: г.Талдыкорган | BK4: г.Капшагай | BN4: г.Текели
A5: № | B5: Наименование показателей | C5: всего | D5: в городах | E5: в сельской местности | F5: всего | G5: в городах | H5: в сельской местности | I5: всего | J5: в городах | K5: в сельской местности | L5: всего | M5: в городах | N5: в сельской местности | O5: всего | P5: в городах | Q5: в сельской местности | R5: всего | S5: в городах | T5: в сельской местности | U5: всего | V5: в городах | W5: в сельской местности | X5: всего | Y5: в городах | Z5: в сельской местности | AA5: всего | AB5: в городах | AC5: в сельской местности | AD5: всего | AE5: в городах | AF5: в сельской местности | AG5: всего | AH5: в городах | AI5: в сельской местности | AJ5: всего | AK5: в городах | AL5: в сельской местности | AM5: всего | AN5: в городах | AO5: в сельской местности | AP5: всего | AQ5: в городах | AR5: в сельской местности | AS5: всего | AT5: в городах | AU5: в сельской местности | AV5: всего | AW5: в городах | AX5: в сельской местности | AY5: всего | AZ5: в городах | BA5: в сельской местности | BB5: всего | BC5: в городах | BD5: в сельской местности | BE5: всего | BF5: в городах | BG5: в сельской местности | BH5: всего | BI5: в городах | BJ5: в сельской местности | BK5: всего | BL5: в городах | BM5: в сельской местности | BN5: всего | BO5: в городах | BP5: в сельской местности
A6: 1 | B6: Количество пожаров | C6: =BE6+BH6+BB6+AV6+BK6+BN6+AS6+AM6+U6+AD6+AG6+AA6+AJ6+R6+X6+O6+L6+AP6+AY6 -> 0 | D6: =BF6+BI6+BC6+AW6+BL6+BO6+AT6+AN6+V6+AE6+AH6+AB6+AK6+S6+Y6+P6+M6+AQ6+AZ6 -> 0 | E6: =BG6+BJ6+BD6+AX6+BM6+BP6+AU6+AO6+W6+AF6+AI6+AC6+AL6+T6+Z6+Q6+N6+AR6+BA6 -> 0 | F6: 81 | G6: 26 | H6: 55 | I6: =SUM(J6:K6) -> #DIV/0! | J6: =D6/C6*100% -> #DIV/0! | K6: =E6/C6*100% -> #DIV/0! | L6: =M6+N6 -> 0 | M6: =SUMIFS(произв!A4:A10000,произв!F4:F10000,L4,произв!G4:G10000,"да",произв!C4:C10000,">="&Данные!B2,произв!C4:C10000,"<="&Данные!C2)+SUMIFS(торг!A4:A10000,торг!F4:F10000,L4,торг!G4:G10000,"да",торг!C4:C10000,">="&Данные!B2,торг!C4:C10000,"<="&Данные!C2)+SUMIFS(склад!A4:A10000,склад!F4:F10000,L4,склад!G4:G10000,"да",склад!C4:C10000,">="&Данные!B2,склад!C4:C10000,"<="&Данные!C2)+SUMIFS('обр '!A4:A10000,'обр '!F4:F10000,L4,'обр '!G4:G10000,"да",'обр '!C4:C10000,">="&Данные!B2,'обр '!C4:C10000,"<="&Данные!C2)+SUMIFS(детс!A4:A10000,детс!F4:F10000,L4,детс!G4:G10000,"да",детс!C4:C10000,">="&Данные!B2,детс!C4:C10000,"<="&Данные!C2)+SUMIFS(культ!A4:A10000,культ!F4:F10000,L4,культ!G4:G10000,"да",культ!C4:C10000,">="&Данные!B2,культ!C4:C10000,"<="&Данные!C2)+SUMIFS(спорт!A4:A10000,спорт!F4:F10000,L4,спорт!G4:G10000,"да",спорт!C4:C10000,">="&Данные!B2,спорт!C4:C10000,"<="&Данные!C2)+SUMIFS(лечеб!A4:A10000,лечеб!F4:F10000,L4,лечеб!G4:G10000,"да",лечеб!C4:C10000,">="&Данные!B2,лечеб!C4:C10000,"<="&Данные!C2)+SUMIFS(Баня!A4:A10000,Баня!F4:F10000,L4,Баня!G4:G10000,"да",Баня!C4:C10000,">="&Данные!B2,Баня!C4:C10000,"<="&Данные!C2)+SUMIFS(Адм!A4:A10000,Адм!F4:F10000,L4,Адм!G4:G10000,"да",Адм!C4:C10000,">="&Данные!B2,Адм!C4:C10000,"<="&Данные!C2)+SUMIFS(С.Х!A4:A10000,С.Х!F4:F10000,L4,С.Х!G4:G10000,"да",С.Х!C4:C10000,">="&Данные!B2,С.Х!C4:C10000,"<="&Данные!C2)+SUMIFS(новостр!A4:A10000,новостр!F4:F10000,L4,новостр!G4:G10000,"да",новостр!C4:C10000,">="&Данные!B2,новостр!C4:C10000,"<="&Данные!C2)+SUMIFS(авт!A4:A10000,авт!F4:F10000,L4,авт!G4:G10000,"да",авт!C4:C10000,">="&Данные!B2,авт!C4:C10000,"<="&Данные!C2)+SUMIFS(ЖС!A4:A10000,ЖС!F4:F10000,L4,ЖС!G4:G10000,"да",ЖС!C4:C10000,">="&Данные!B2,ЖС!C4:C10000,"<="&Данные!C2)+SUMIFS(Лес!A5:A10000,Лес!F5:F10000,L4,Лес!G5:G10000,"да",Лес!C5:C10000,">="&Данные!B2,Лес!C5:C10000,"<="&Данные!C2)+SUMIFS('степь '!A5:A10000,'степь '!F5:F10000,L4,'степь '!G5:G10000,"да",'степь '!C5:C10000,">="&Данные!B2,'степь '!C5:C10000,"<="&Данные!C2)+SUMIFS(Пр.откр.тер!A4:A10000,Пр.откр.тер!F4:F10000,L4,Пр.откр.тер!G4:G10000,"да",Пр.откр.тер!C4:C10000,">="&Данные!B2,Пр.откр.тер!C4:C10000,"<="&Данные!C2) -> 0 | N6: =SUMIFS(произв!A4:A10000,произв!F4:F10000,L4,произв!G4:G10000,"да",произв!C4:C10000,">="&Данные!B2,произв!C4:C10000,"<="&Данные!C2)+SUMIFS(торг!A4:A10000,торг!F4:F10000,L4,торг!G4:G10000,"да",торг!C4:C10000,">="&Данные!B2,торг!C4:C10000,"<="&Данные!C2)+SUMIFS(склад!A4:A10000,склад!F4:F10000,L4,склад!G4:G10000,"да",склад!C4:C10000,">="&Данные!B2,склад!C4:C10000,"<="&Данные!C2)+SUMIFS('обр '!A4:A10000,'обр '!F4:F10000,L4,'обр '!G4:G10000,"да",'обр '!C4:C10000,">="&Данные!B2,'обр '!C4:C10000,"<="&Данные!C2)+SUMIFS(детс!A4:A10000,детс!F4:F10000,L4,детс!G4:G10000,"да",детс!C4:C10000,">="&Данные!B2,детс!C4:C10000,"<="&Данные!C2)+SUMIFS(культ!A4:A10000,культ!F4:F10000,L4,культ!G4:G10000,"да",культ!C4:C10000,">="&Данные!B2,культ!C4:C10000,"<="&Данные!C2)+SUMIFS(спорт!A4:A10000,спорт!F4:F10000,L4,спорт!G4:G10000,"да",спорт!C4:C10000,">="&Данные!B2,спорт!C4:C10000,"<="&Данные!C2)+SUMIFS(лечеб!A4:A10000,лечеб!F4:F10000,L4,лечеб!G4:G10000,"да",лечеб!C4:C10000,">="&Данные!B2,лечеб!C4:C10000,"<="&Данные!C2)+SUMIFS(Баня!A4:A10000,Баня!F4:F10000,L4,Баня!G4:G10000,"да",Баня!C4:C10000,">="&Данные!B2,Баня!C4:C10000,"<="&Данные!C2)+SUMIFS(Адм!A4:A10000,Адм!F4:F10000,L4,Адм!G4:G10000,"да",Адм!C4:C10000,">="&Данные!B2,Адм!C4:C10000,"<="&Данные!C2)+SUMIFS(С.Х!A4:A10000,С.Х!F4:F10000,L4,С.Х!G4:G10000,"да",С.Х!C4:C10000,">="&Данные!B2,С.Х!C4:C10000,"<="&Данные!C2)+SUMIFS(новостр!A4:A10000,новостр!F4:F10000,L4,новостр!G4:G10000,"да",новостр!C4:C10000,">="&Данные!B2,новостр!C4:C10000,"<="&Данные!C2)+SUMIFS(авт!A4:A10000,авт!F4:F10000,L4,авт!G4:G10000,"да",авт!C4:C10000,">="&Данные!B2,авт!C4:C10000,"<="&Данные!C2)+SUMIFS(ЖС!A4:A10000,ЖС!F4:F10000,L4,ЖС!G4:G10000,"да",ЖС!C4:C10000,">="&Данные!B2,ЖС!C4:C10000,"<="&Данные!C2)+SUMIFS(Лес!A5:A10000,Лес!F5:F10000,L4,Лес!G5:G10000,"да",Лес!C5:C10000,">="&Данные!B2,Лес!C5:C10000,"<="&Данные!C2)+SUMIFS('степь '!A5:A10000,'степь '!F5:F10000,L4,'степь '!G5:G10000,"да",'степь '!C5:C10000,">="&Данные!B2,'степь '!C5:C10000,"<="&Данные!C2)+SUMIFS(Пр.откр.тер!A4:A10000,Пр.откр.тер!F4:F10000,L4,Пр.откр.тер!G4:G10000,"да",Пр.откр.тер!C4:C10000,">="&Данные!B2,Пр.откр.тер!C4:C10000,"<="&Данные!C2) -> 0 | O6: =P6+Q6 -> 0 | P6: =SUMIFS(произв!A4:A10000,произв!F4:F10000,L4,произв!G4:G10000,"да",произв!C4:C10000,">="&Данные!B2,произв!C4:C10000,"<="&Данные!C2)+SUMIFS(торг!A4:A10000,торг!F4:F10000,L4,торг!G4:G10000,"да",торг!C4:C10000,">="&Данные!B2,торг!C4:C10000,"<="&Данные!C2)+SUMIFS(склад!A4:A10000,склад!F4:F10000,L4,склад!G4:G10000,"да",склад!C4:C10000,">="&Данные!B2,склад!C4:C10000,"<="&Данные!C2)+SUMIFS('обр '!A4:A10000,'обр '!F4:F10000,L4,'обр '!G4:G10000,"да",'обр '!C4:C10000,">="&Данные!B2,'обр '!C4:C10000,"<="&Данные!C2)+SUMIFS(детс!A4:A10000,детс!F4:F10000,L4,детс!G4:G10000,"да",детс!C4:C10000,">="&Данные!B2,детс!C4:C10000,"<="&Данные!C2)+SUMIFS(культ!A4:A10000,культ!F4:F10000,L4,культ!G4:G10000,"да",культ!C4:C10000,">="&Данные!B2,культ!C4:C10000,"<="&Данные!C2)+SUMIFS(спорт!A4:A10000,спорт!F4:F10000,L4,спорт!G4:G10000,"да",спорт!C4:C10000,">="&Данные!B2,спорт!C4:C10000,"<="&Данные!C2)+SUMIFS(лечеб!A4:A10000,лечеб!F4:F10000,L4,лечеб!G4:G10000,"да",лечеб!C4:C10000,">="&Данные!B2,лечеб!C4:C10000,"<="&Данные!C2)+SUMIFS(Баня!A4:A10000,Баня!F4:F10000,L4,Баня!G4:G10000,"да",Баня!C4:C10000,">="&Данные!B2,Баня!C4:C10000,"<="&Данные!C2)+SUMIFS(Адм!A4:A10000,Адм!F4:F10000,L4,Адм!G4:G10000,"да",Адм!C4:C10000,">="&Данные!B2,Адм!C4:C10000,"<="&Данные!C2)+SUMIFS(С.Х!A4:A10000,С.Х!F4:F10000,L4,С.Х!G4:G10000,"да",С.Х!C4:C10000,">="&Данные!B2,С.Х!C4:C10000,"<="&Данные!C2)+SUMIFS(новостр!A4:A10000,новостр!F4:F10000,L4,новостр!G4:G10000,"да",новостр!C4:C10000,">="&Данные!B2,новостр!C4:C10000,"<="&Данные!C2)+SUMIFS(авт!A4:A10000,авт!F4:F10000,L4,авт!G4:G10000,"да",авт!C4:C10000,">="&Данные!B2,авт!C4:C10000,"<="&Данные!C2)+SUMIFS(ЖС!A4:A10000,ЖС!F4:F10000,L4,ЖС!G4:G10000,"да",ЖС!C4:C10000,">="&Данные!B2,ЖС!C4:C10000,"<="&Данные!C2)+SUMIFS(Лес!A5:A10000,Лес!F5:F10000,L4,Лес!G5:G10000,"да",Лес!C5:C10000,">="&Данные!B2,Лес!C5:C10000,"<="&Данные!C2)+SUMIFS('степь '!A5:A10000,'степь '!F5:F10000,L4,'степь '!G5:G10000,"да",'степь '!C5:C10000,">="&Данные!B2,'степь '!C5:C10000,"<="&Данные!C2)+SUMIFS(Пр.откр.тер!A4:A10000,Пр.откр.тер!F4:F10000,L4,Пр.откр.тер!G4:G10000,"да",Пр.откр.тер!C4:C10000,">="&Данные!B2,Пр.откр.тер!C4:C10000,"<="&Данные!C2) -> 0 | Q6: =SUMIFS(произв!A4:A10000,произв!F4:F10000,L4,произв!G4:G10000,"да",произв!C4:C10000,">="&Данные!B2,произв!C4:C10000,"<="&Данные!C2)+SUMIFS(торг!A4:A10000,торг!F4:F10000,L4,торг!G4:G10000,"да",торг!C4:C10000,">="&Данные!B2,торг!C4:C10000,"<="&Данные!C2)+SUMIFS(склад!A4:A10000,склад!F4:F10000,L4,склад!G4:G10000,"да",склад!C4:C10000,">="&Данные!B2,склад!C4:C10000,"<="&Данные!C2)+SUMIFS('обр '!A4:A10000,'обр '!F4:F10000,L4,'обр '!G4:G10000,"да",'обр '!C4:C10000,">="&Данные!B2,'обр '!C4:C10000,"<="&Данные!C2)+SUMIFS(детс!A4:A10000,детс!F4:F10000,L4,детс!G4:G10000,"да",детс!C4:C10000,">="&Данные!B2,детс!C4:C10000,"<="&Данные!C2)+SUMIFS(культ!A4:A10000,культ!F4:F10000,L4,культ!G4:G10000,"да",культ!C4:C10000,">="&Данные!B2,культ!C4:C10000,"<="&Данные!C2)+SUMIFS(спорт!A4:A10000,спорт!F4:F10000,L4,спорт!G4:G10000,"да",спорт!C4:C10000,">="&Данные!B2,спорт!C4:C10000,"<="&Данные!C2)+SUMIFS(лечеб!A4:A10000,лечеб!F4:F10000,L4,лечеб!G4:G10000,"да",лечеб!C4:C10000,">="&Данные!B2,лечеб!C4:C10000,"<="&Данные!C2)+SUMIFS(Баня!A4:A10000,Баня!F4:F10000,L4,Баня!G4:G10000,"да",Баня!C4:C10000,">="&Данные!B2,Баня!C4:C10000,"<="&Данные!C2)+SUMIFS(Адм!A4:A10000,Адм!F4:F10000,L4,Адм!G4:G10000,"да",Адм!C4:C10000,">="&Данные!B2,Адм!C4:C10000,"<="&Данные!C2)+SUMIFS(С.Х!A4:A10000,С.Х!F4:F10000,L4,С.Х!G4:G10000,"да",С.Х!C4:C10000,">="&Данные!B2,С.Х!C4:C10000,"<="&Данные!C2)+SUMIFS(новостр!A4:A10000,новостр!F4:F10000,L4,новостр!G4:G10000,"да",новостр!C4:C10000,">="&Данные!B2,новостр!C4:C10000,"<="&Данные!C2)+SUMIFS(авт!A4:A10000,авт!F4:F10000,L4,авт!G4:G10000,"да",авт!C4:C10000,">="&Данные!B2,авт!C4:C10000,"<="&Данные!C2)+SUMIFS(ЖС!A4:A10000,ЖС!F4:F10000,L4,ЖС!G4:G10000,"да",ЖС!C4:C10000,">="&Данные!B2,ЖС!C4:C10000,"<="&Данные!C2)+SUMIFS(Лес!A5:A10000,Лес!F5:F10000,L4,Лес!G5:G10000,"да",Лес!C5:C10000,">="&Данные!B2,Лес!C5:C10000,"<="&Данные!C2)+SUMIFS('степь '!A5:A10000,'степь '!F5:F10000,L4,'степь '!G5:G10000,"да",'степь '!C5:C10000,">="&Данные!B2,'степь '!C5:C10000,"<="&Данные!C2)+SUMIFS(Пр.откр.тер!A4:A10000,Пр.откр.тер!F4:F10000,L4,Пр.откр.тер!G4:G10000,"да",Пр.откр.тер!C4:C10000,">="&Данные!B2,Пр.откр.тер!C4:C10000,"<="&Данные!C2) -> 0 | R6: =S6+T6 -> 0 | S6: =SUMIFS(произв!A4:A10000,произв!F4:F10000,L4,произв!G4:G10000,"да",произв!C4:C10000,">="&Данные!B2,произв!C4:C10000,"<="&Данные!C2)+SUMIFS(торг!A4:A10000,торг!F4:F10000,L4,торг!G4:G10000,"да",торг!C4:C10000,">="&Данные!B2,торг!C4:C10000,"<="&Данные!C2)+SUMIFS(склад!A4:A10000,склад!F4:F10000,L4,склад!G4:G10000,"да",склад!C4:C10000,">="&Данные!B2,склад!C4:C10000,"<="&Данные!C2)+SUMIFS('обр '!A4:A10000,'обр '!F4:F10000,L4,'обр '!G4:G10000,"да",'обр '!C4:C10000,">="&Данные!B2,'обр '!C4:C10000,"<="&Данные!C2)+SUMIFS(детс!A4:A10000,детс!F4:F10000,L4,детс!G4:G10000,"да",детс!C4:C10000,">="&Данные!B2,детс!C4:C10000,"<="&Данные!C2)+SUMIFS(культ!A4:A10000,культ!F4:F10000,L4,культ!G4:G10000,"да",культ!C4:C10000,">="&Данные!B2,культ!C4:C10000,"<="&Данные!C2)+SUMIFS(спорт!A4:A10000,спорт!F4:F10000,L4,спорт!G4:G10000,"да",спорт!C4:C10000,">="&Данные!B2,спорт!C4:C10000,"<="&Данные!C2)+SUMIFS(лечеб!A4:A10000,лечеб!F4:F10000,L4,лечеб!G4:G10000,"да",лечеб!C4:C10000,">="&Данные!B2,лечеб!C4:C10000,"<="&Данные!C2)+SUMIFS(Баня!A4:A10000,Баня!F4:F10000,L4,Баня!G4:G10000,"да",Баня!C4:C10000,">="&Данные!B2,Баня!C4:C10000,"<="&Данные!C2)+SUMIFS(Адм!A4:A10000,Адм!F4:F10000,L4,Адм!G4:G10000,"да",Адм!C4:C10000,">="&Данные!B2,Адм!C4:C10000,"<="&Данные!C2)+SUMIFS(С.Х!A4:A10000,С.Х!F4:F10000,L4,С.Х!G4:G10000,"да",С.Х!C4:C10000,">="&Данные!B2,С.Х!C4:C10000,"<="&Данные!C2)+SUMIFS(новостр!A4:A10000,новостр!F4:F10000,L4,новостр!G4:G10000,"да",новостр!C4:C10000,">="&Данные!B2,новостр!C4:C10000,"<="&Данные!C2)+SUMIFS(авт!A4:A10000,авт!F4:F10000,L4,авт!G4:G10000,"да",авт!C4:C10000,">="&Данные!B2,авт!C4:C10000,"<="&Данные!C2)+SUMIFS(ЖС!A4:A10000,ЖС!F4:F10000,L4,ЖС!G4:G10000,"да",ЖС!C4:C10000,">="&Данные!B2,ЖС!C4:C10000,"<="&Данные!C2)+SUMIFS(Лес!A5:A10000,Лес!F5:F10000,L4,Лес!G5:G10000,"да",Лес!C5:C10000,">="&Данные!B2,Лес!C5:C10000,"<="&Данные!C2)+SUMIFS('степь '!A5:A10000,'степь '!F5:F10000,L4,'степь '!G5:G10000,"да",'степь '!C5:C10000,">="&Данные!B2,'степь '!C5:C10000,"<="&Данные!C2)+SUMIFS(Пр.откр.тер!A4:A10000,Пр.откр.тер!F4:F10000,L4,Пр.откр.тер!G4:G10000,"да",Пр.откр.тер!C4:C10000,">="&Данные!B2,Пр.откр.тер!C4:C10000,"<="&Данные!C2) -> 0 | T6: =SUMIFS(произв!A4:A10000,произв!F4:F10000,L4,произв!G4:G10000,"да",произв!C4:C10000,">="&Данные!B2,произв!C4:C10000,"<="&Данные!C2)+SUMIFS(торг!A4:A10000,торг!F4:F10000,L4,торг!G4:G10000,"да",торг!C4:C10000,">="&Данные!B2,торг!C4:C10000,"<="&Данные!C2)+SUMIFS(склад!A4:A10000,склад!F4:F10000,L4,склад!G4:G10000,"да",склад!C4:C10000,">="&Данные!B2,склад!C4:C10000,"<="&Данные!C2)+SUMIFS('обр '!A4:A10000,'обр '!F4:F10000,L4,'обр '!G4:G10000,"да",'обр '!C4:C10000,">="&Данные!B2,'обр '!C4:C10000,"<="&Данные!C2)+SUMIFS(детс!A4:A10000,детс!F4:F10000,L4,детс!G4:G10000,"да",детс!C4:C10000,">="&Данные!B2,детс!C4:C10000,"<="&Данные!C2)+SUMIFS(культ!A4:A10000,культ!F4:F10000,L4,культ!G4:G10000,"да",культ!C4:C10000,">="&Данные!B2,культ!C4:C10000,"<="&Данные!C2)+SUMIFS(спорт!A4:A10000,спорт!F4:F10000,L4,спорт!G4:G10000,"да",спорт!C4:C10000,">="&Данные!B2,спорт!C4:C10000,"<="&Данные!C2)+SUMIFS(лечеб!A4:A10000,лечеб!F4:F10000,L4,лечеб!G4:G10000,"да",лечеб!C4:C10000,">="&Данные!B2,лечеб!C4:C10000,"<="&Данные!C2)+SUMIFS(Баня!A4:A10000,Баня!F4:F10000,L4,Баня!G4:G10000,"да",Баня!C4:C10000,">="&Данные!B2,Баня!C4:C10000,"<="&Данные!C2)+SUMIFS(Адм!A4:A10000,Адм!F4:F10000,L4,Адм!G4:G10000,"да",Адм!C4:C10000,">="&Данные!B2,Адм!C4:C10000,"<="&Данные!C2)+SUMIFS(С.Х!A4:A10000,С.Х!F4:F10000,L4,С.Х!G4:G10000,"да",С.Х!C4:C10000,">="&Данные!B2,С.Х!C4:C10000,"<="&Данные!C2)+SUMIFS(новостр!A4:A10000,новостр!F4:F10000,L4,новостр!G4:G10000,"да",новостр!C4:C10000,">="&Данные!B2,новостр!C4:C10000,"<="&Данные!C2)+SUMIFS(авт!A4:A10000,авт!F4:F10000,L4,авт!G4:G10000,"да",авт!C4:C10000,">="&Данные!B2,авт!C4:C10000,"<="&Данные!C2)+SUMIFS(ЖС!A4:A10000,ЖС!F4:F10000,L4,ЖС!G4:G10000,"да",ЖС!C4:C10000,">="&Данные!B2,ЖС!C4:C10000,"<="&Данные!C2)+SUMIFS(Лес!A5:A10000,Лес!F5:F10000,L4,Лес!G5:G10000,"да",Лес!C5:C10000,">="&Данные!B2,Лес!C5:C10000,"<="&Данные!C2)+SUMIFS('степь '!A5:A10000,'степь '!F5:F10000,L4,'степь '!G5:G10000,"да",'степь '!C5:C10000,">="&Данные!B2,'степь '!C5:C10000,"<="&Данные!C2)+SUMIFS(Пр.откр.тер!A4:A10000,Пр.откр.тер!F4:F10000,L4,Пр.откр.тер!G4:G10000,"да",Пр.откр.тер!C4:C10000,">="&Данные!B2,Пр.откр.тер!C4:C10000,"<="&Данные!C2) -> 0 | U6: =V6+W6 -> 0 | V6: =SUMIFS(произв!A4:A10000,произв!F4:F10000,L4,произв!G4:G10000,"да",произв!C4:C10000,">="&Данные!B2,произв!C4:C10000,"<="&Данные!C2)+SUMIFS(торг!A4:A10000,торг!F4:F10000,L4,торг!G4:G10000,"да",торг!C4:C10000,">="&Данные!B2,торг!C4:C10000,"<="&Данные!C2)+SUMIFS(склад!A4:A10000,склад!F4:F10000,L4,склад!G4:G10000,"да",склад!C4:C10000,">="&Данные!B2,склад!C4:C10000,"<="&Данные!C2)+SUMIFS('обр '!A4:A10000,'обр '!F4:F10000,L4,'обр '!G4:G10000,"да",'обр '!C4:C10000,">="&Данные!B2,'обр '!C4:C10000,"<="&Данные!C2)+SUMIFS(детс!A4:A10000,детс!F4:F10000,L4,детс!G4:G10000,"да",детс!C4:C10000,">="&Данные!B2,детс!C4:C10000,"<="&Данные!C2)+SUMIFS(культ!A4:A10000,культ!F4:F10000,L4,культ!G4:G10000,"да",культ!C4:C10000,">="&Данные!B2,культ!C4:C10000,"<="&Данные!C2)+SUMIFS(спорт!A4:A10000,спорт!F4:F10000,L4,спорт!G4:G10000,"да",спорт!C4:C10000,">="&Данные!B2,спорт!C4:C10000,"<="&Данные!C2)+SUMIFS(лечеб!A4:A10000,лечеб!F4:F10000,L4,лечеб!G4:G10000,"да",лечеб!C4:C10000,">="&Данные!B2,лечеб!C4:C10000,"<="&Данные!C2)+SUMIFS(Баня!A4:A10000,Баня!F4:F10000,L4,Баня!G4:G10000,"да",Баня!C4:C10000,">="&Данные!B2,Баня!C4:C10000,"<="&Данные!C2)+SUMIFS(Адм!A4:A10000,Адм!F4:F10000,L4,Адм!G4:G10000,"да",Адм!C4:C10000,">="&Данные!B2,Адм!C4:C10000,"<="&Данные!C2)+SUMIFS(С.Х!A4:A10000,С.Х!F4:F10000,L4,С.Х!G4:G10000,"да",С.Х!C4:C10000,">="&Данные!B2,С.Х!C4:C10000,"<="&Данные!C2)+SUMIFS(новостр!A4:A10000,новостр!F4:F10000,L4,новостр!G4:G10000,"да",новостр!C4:C10000,">="&Данные!B2,новостр!C4:C10000,"<="&Данные!C2)+SUMIFS(авт!A4:A10000,авт!F4:F10000,L4,авт!G4:G10000,"да",авт!C4:C10000,">="&Данные!B2,авт!C4:C10000,"<="&Данные!C2)+SUMIFS(ЖС!A4:A10000,ЖС!F4:F10000,L4,ЖС!G4:G10000,"да",ЖС!C4:C10000,">="&Данные!B2,ЖС!C4:C10000,"<="&Данные!C2)+SUMIFS(Лес!A5:A10000,Лес!F5:F10000,L4,Лес!G5:G10000,"да",Лес!C5:C10000,">="&Данные!B2,Лес!C5:C10000,"<="&Данные!C2)+SUMIFS('степь '!A5:A10000,'степь '!F5:F10000,L4,'степь '!G5:G10000,"да",'степь '!C5:C10000,">="&Данные!B2,'степь '!C5:C10000,"<="&Данные!C2)+SUMIFS(Пр.откр.тер!A4:A10000,Пр.откр.тер!F4:F10000,L4,Пр.откр.тер!G4:G10000,"да",Пр.откр.тер!C4:C10000,">="&Данные!B2,Пр.откр.тер!C4:C10000,"<="&Данные!C2) -> 0 | W6: =SUMIFS(произв!A4:A10000,произв!F4:F10000,L4,произв!G4:G10000,"да",произв!C4:C10000,">="&Данные!B2,произв!C4:C10000,"<="&Данные!C2)+SUMIFS(торг!A4:A10000,торг!F4:F10000,L4,торг!G4:G10000,"да",торг!C4:C10000,">="&Данные!B2,торг!C4:C10000,"<="&Данные!C2)+SUMIFS(склад!A4:A10000,склад!F4:F10000,L4,склад!G4:G10000,"да",склад!C4:C10000,">="&Данные!B2,склад!C4:C10000,"<="&Данные!C2)+SUMIFS('обр '!A4:A10000,'обр '!F4:F10000,L4,'обр '!G4:G10000,"да",'обр '!C4:C10000,">="&Данные!B2,'обр '!C4:C10000,"<="&Данные!C2)+SUMIFS(детс!A4:A10000,детс!F4:F10000,L4,детс!G4:G10000,"да",детс!C4:C10000,">="&Данные!B2,детс!C4:C10000,"<="&Данные!C2)+SUMIFS(культ!A4:A10000,культ!F4:F10000,L4,культ!G4:G10000,"да",культ!C4:C10000,">="&Данные!B2,культ!C4:C10000,"<="&Данные!C2)+SUMIFS(спорт!A4:A10000,спорт!F4:F10000,L4,спорт!G4:G10000,"да",спорт!C4:C10000,">="&Данные!B2,спорт!C4:C10000,"<="&Данные!C2)+SUMIFS(лечеб!A4:A10000,лечеб!F4:F10000,L4,лечеб!G4:G10000,"да",лечеб!C4:C10000,">="&Данные!B2,лечеб!C4:C10000,"<="&Данные!C2)+SUMIFS(Баня!A4:A10000,Баня!F4:F10000,L4,Баня!G4:G10000,"да",Баня!C4:C10000,">="&Данные!B2,Баня!C4:C10000,"<="&Данные!C2)+SUMIFS(Адм!A4:A10000,Адм!F4:F10000,L4,Адм!G4:G10000,"да",Адм!C4:C10000,">="&Данные!B2,Адм!C4:C10000,"<="&Данные!C2)+SUMIFS(С.Х!A4:A10000,С.Х!F4:F10000,L4,С.Х!G4:G10000,"да",С.Х!C4:C10000,">="&Данные!B2,С.Х!C4:C10000,"<="&Данные!C2)+SUMIFS(новостр!A4:A10000,новостр!F4:F10000,L4,новостр!G4:G10000,"да",новостр!C4:C10000,">="&Данные!B2,новостр!C4:C10000,"<="&Данные!C2)+SUMIFS(авт!A4:A10000,авт!F4:F10000,L4,авт!G4:G10000,"да",авт!C4:C10000,">="&Данные!B2,авт!C4:C10000,"<="&Данные!C2)+SUMIFS(ЖС!A4:A10000,ЖС!F4:F10000,L4,ЖС!G4:G10000,"да",ЖС!C4:C10000,">="&Данные!B2,ЖС!C4:C10000,"<="&Данные!C2)+SUMIFS(Лес!A5:A10000,Лес!F5:F10000,L4,Лес!G5:G10000,"да",Лес!C5:C10000,">="&Данные!B2,Лес!C5:C10000,"<="&Данные!C2)+SUMIFS('степь '!A5:A10000,'степь '!F5:F10000,L4,'степь '!G5:G10000,"да",'степь '!C5:C10000,">="&Данные!B2,'степь '!C5:C10000,"<="&Данные!C2)+SUMIFS(Пр.откр.тер!A4:A10000,Пр.откр.тер!F4:F10000,L4,Пр.откр.тер!G4:G10000,"да",Пр.откр.тер!C4:C10000,">="&Данные!B2,Пр.откр.тер!C4:C10000,"<="&Данные!C2) -> 0 | X6: =Y6+Z6 -> 0 | Y6: =SUMIFS(произв!A4:A10000,произв!F4:F10000,L4,произв!G4:G10000,"да",произв!C4:C10000,">="&Данные!B2,произв!C4:C10000,"<="&Данные!C2)+SUMIFS(торг!A4:A10000,торг!F4:F10000,L4,торг!G4:G10000,"да",торг!C4:C10000,">="&Данные!B2,торг!C4:C10000,"<="&Данные!C2)+SUMIFS(склад!A4:A10000,склад!F4:F10000,L4,склад!G4:G10000,"да",склад!C4:C10000,">="&Данные!B2,склад!C4:C10000,"<="&Данные!C2)+SUMIFS('обр '!A4:A10000,'обр '!F4:F10000,L4,'обр '!G4:G10000,"да",'обр '!C4:C10000,">="&Данные!B2,'обр '!C4:C10000,"<="&Данные!C2)+SUMIFS(детс!A4:A10000,детс!F4:F10000,L4,детс!G4:G10000,"да",детс!C4:C10000,">="&Данные!B2,детс!C4:C10000,"<="&Данные!C2)+SUMIFS(культ!A4:A10000,культ!F4:F10000,L4,культ!G4:G10000,"да",культ!C4:C10000,">="&Данные!B2,культ!C4:C10000,"<="&Данные!C2)+SUMIFS(спорт!A4:A10000,спорт!F4:F10000,L4,спорт!G4:G10000,"да",спорт!C4:C10000,">="&Данные!B2,спорт!C4:C10000,"<="&Данные!C2)+SUMIFS(лечеб!A4:A10000,лечеб!F4:F10000,L4,лечеб!G4:G10000,"да",лечеб!C4:C10000,">="&Данные!B2,лечеб!C4:C10000,"<="&Данные!C2)+SUMIFS(Баня!A4:A10000,Баня!F4:F10000,L4,Баня!G4:G10000,"да",Баня!C4:C10000,">="&Данные!B2,Баня!C4:C10000,"<="&Данные!C2)+SUMIFS(Адм!A4:A10000,Адм!F4:F10000,L4,Адм!G4:G10000,"да",Адм!C4:C10000,">="&Данные!B2,Адм!C4:C10000,"<="&Данные!C2)+SUMIFS(С.Х!A4:A10000,С.Х!F4:F10000,L4,С.Х!G4:G10000,"да",С.Х!C4:C10000,">="&Данные!B2,С.Х!C4:C10000,"<="&Данные!C2)+SUMIFS(новостр!A4:A10000,новостр!F4:F10000,L4,новостр!G4:G10000,"да",новостр!C4:C10000,">="&Данные!B2,новостр!C4:C10000,"<="&Данные!C2)+SUMIFS(авт!A4:A10000,авт!F4:F10000,L4,авт!G4:G10000,"да",авт!C4:C10000,">="&Данные!B2,авт!C4:C10000,"<="&Данные!C2)+SUMIFS(ЖС!A4:A10000,ЖС!F4:F10000,L4,ЖС!G4:G10000,"да",ЖС!C4:C10000,">="&Данные!B2,ЖС!C4:C10000,"<="&Данные!C2)+SUMIFS(Лес!A5:A10000,Лес!F5:F10000,L4,Лес!G5:G10000,"да",Лес!C5:C10000,">="&Данные!B2,Лес!C5:C10000,"<="&Данные!C2)+SUMIFS('степь '!A5:A10000,'степь '!F5:F10000,L4,'степь '!G5:G10000,"да",'степь '!C5:C10000,">="&Данные!B2,'степь '!C5:C10000,"<="&Данные!C2)+SUMIFS(Пр.откр.тер!A4:A10000,Пр.откр.тер!F4:F10000,L4,Пр.откр.тер!G4:G10000,"да",Пр.откр.тер!C4:C10000,">="&Данные!B2,Пр.откр.тер!C4:C10000,"<="&Данные!C2) -> 0 | Z6: =SUMIFS(произв!A4:A10000,произв!F4:F10000,L4,произв!G4:G10000,"да",произв!C4:C10000,">="&Данные!B2,произв!C4:C10000,"<="&Данные!C2)+SUMIFS(торг!A4:A10000,торг!F4:F10000,L4,торг!G4:G10000,"да",торг!C4:C10000,">="&Данные!B2,торг!C4:C10000,"<="&Данные!C2)+SUMIFS(склад!A4:A10000,склад!F4:F10000,L4,склад!G4:G10000,"да",склад!C4:C10000,">="&Данные!B2,склад!C4:C10000,"<="&Данные!C2)+SUMIFS('обр '!A4:A10000,'обр '!F4:F10000,L4,'обр '!G4:G10000,"да",'обр '!C4:C10000,">="&Данные!B2,'обр '!C4:C10000,"<="&Данные!C2)+SUMIFS(детс!A4:A10000,детс!F4:F10000,L4,детс!G4:G10000,"да",детс!C4:C10000,">="&Данные!B2,детс!C4:C10000,"<="&Данные!C2)+SUMIFS(культ!A4:A10000,культ!F4:F10000,L4,культ!G4:G10000,"да",культ!C4:C10000,">="&Данные!B2,культ!C4:C10000,"<="&Данные!C2)+SUMIFS(спорт!A4:A10000,спорт!F4:F10000,L4,спорт!G4:G10000,"да",спорт!C4:C10000,">="&Данные!B2,спорт!C4:C10000,"<="&Данные!C2)+SUMIFS(лечеб!A4:A10000,лечеб!F4:F10000,L4,лечеб!G4:G10000,"да",лечеб!C4:C10000,">="&Данные!B2,лечеб!C4:C10000,"<="&Данные!C2)+SUMIFS(Баня!A4:A10000,Баня!F4:F10000,L4,Баня!G4:G10000,"да",Баня!C4:C10000,">="&Данные!B2,Баня!C4:C10000,"<="&Данные!C2)+SUMIFS(Адм!A4:A10000,Адм!F4:F10000,L4,Адм!G4:G10000,"да",Адм!C4:C10000,">="&Данные!B2,Адм!C4:C10000,"<="&Данные!C2)+SUMIFS(С.Х!A4:A10000,С.Х!F4:F10000,L4,С.Х!G4:G10000,"да",С.Х!C4:C10000,">="&Данные!B2,С.Х!C4:C10000,"<="&Данные!C2)+SUMIFS(новостр!A4:A10000,новостр!F4:F10000,L4,новостр!G4:G10000,"да",новостр!C4:C10000,">="&Данные!B2,новостр!C4:C10000,"<="&Данные!C2)+SUMIFS(авт!A4:A10000,авт!F4:F10000,L4,авт!G4:G10000,"да",авт!C4:C10000,">="&Данные!B2,авт!C4:C10000,"<="&Данные!C2)+SUMIFS(ЖС!A4:A10000,ЖС!F4:F10000,L4,ЖС!G4:G10000,"да",ЖС!C4:C10000,">="&Данные!B2,ЖС!C4:C10000,"<="&Данные!C2)+SUMIFS(Лес!A5:A10000,Лес!F5:F10000,L4,Лес!G5:G10000,"да",Лес!C5:C10000,">="&Данные!B2,Лес!C5:C10000,"<="&Данные!C2)+SUMIFS('степь '!A5:A10000,'степь '!F5:F10000,L4,'степь '!G5:G10000,"да",'степь '!C5:C10000,">="&Данные!B2,'степь '!C5:C10000,"<="&Данные!C2)+SUMIFS(Пр.откр.тер!A4:A10000,Пр.откр.тер!F4:F10000,L4,Пр.откр.тер!G4:G10000,"да",Пр.откр.тер!C4:C10000,">="&Данные!B2,Пр.откр.тер!C4:C10000,"<="&Данные!C2) -> 0 | AA6: =AB6+AC6 -> 0 | AB6: =SUMIFS(произв!A4:A10000,произв!F4:F10000,L4,произв!G4:G10000,"да",произв!C4:C10000,">="&Данные!B2,произв!C4:C10000,"<="&Данные!C2)+SUMIFS(торг!A4:A10000,торг!F4:F10000,L4,торг!G4:G10000,"да",торг!C4:C10000,">="&Данные!B2,торг!C4:C10000,"<="&Данные!C2)+SUMIFS(склад!A4:A10000,склад!F4:F10000,L4,склад!G4:G10000,"да",склад!C4:C10000,">="&Данные!B2,склад!C4:C10000,"<="&Данные!C2)+SUMIFS('обр '!A4:A10000,'обр '!F4:F10000,L4,'обр '!G4:G10000,"да",'обр '!C4:C10000,">="&Данные!B2,'обр '!C4:C10000,"<="&Данные!C2)+SUMIFS(детс!A4:A10000,детс!F4:F10000,L4,детс!G4:G10000,"да",детс!C4:C10000,">="&Данные!B2,детс!C4:C10000,"<="&Данные!C2)+SUMIFS(культ!A4:A10000,культ!F4:F10000,L4,культ!G4:G10000,"да",культ!C4:C10000,">="&Данные!B2,культ!C4:C10000,"<="&Данные!C2)+SUMIFS(спорт!A4:A10000,спорт!F4:F10000,L4,спорт!G4:G10000,"да",спорт!C4:C10000,">="&Данные!B2,спорт!C4:C10000,"<="&Данные!C2)+SUMIFS(лечеб!A4:A10000,лечеб!F4:F10000,L4,лечеб!G4:G10000,"да",лечеб!C4:C10000,">="&Данные!B2,лечеб!C4:C10000,"<="&Данные!C2)+SUMIFS(Баня!A4:A10000,Баня!F4:F10000,L4,Баня!G4:G10000,"да",Баня!C4:C10000,">="&Данные!B2,Баня!C4:C10000,"<="&Данные!C2)+SUMIFS(Адм!A4:A10000,Адм!F4:F10000,L4,Адм!G4:G10000,"да",Адм!C4:C10000,">="&Данные!B2,Адм!C4:C10000,"<="&Данные!C2)+SUMIFS(С.Х!A4:A10000,С.Х!F4:F10000,L4,С.Х!G4:G10000,"да",С.Х!C4:C10000,">="&Данные!B2,С.Х!C4:C10000,"<="&Данные!C2)+SUMIFS(новостр!A4:A10000,новостр!F4:F10000,L4,новостр!G4:G10000,"да",новостр!C4:C10000,">="&Данные!B2,новостр!C4:C10000,"<="&Данные!C2)+SUMIFS(авт!A4:A10000,авт!F4:F10000,L4,авт!G4:G10000,"да",авт!C4:C10000,">="&Данные!B2,авт!C4:C10000,"<="&Данные!C2)+SUMIFS(ЖС!A4:A10000,ЖС!F4:F10000,L4,ЖС!G4:G10000,"да",ЖС!C4:C10000,">="&Данные!B2,ЖС!C4:C10000,"<="&Данные!C2)+SUMIFS(Лес!A5:A10000,Лес!F5:F10000,L4,Лес!G5:G10000,"да",Лес!C5:C10000,">="&Данные!B2,Лес!C5:C10000,"<="&Данные!C2)+SUMIFS('степь '!A5:A10000,'степь '!F5:F10000,L4,'степь '!G5:G10000,"да",'степь '!C5:C10000,">="&Данные!B2,'степь '!C5:C10000,"<="&Данные!C2)+SUMIFS(Пр.откр.тер!A4:A10000,Пр.откр.тер!F4:F10000,L4,Пр.откр.тер!G4:G10000,"да",Пр.откр.тер!C4:C10000,">="&Данные!B2,Пр.откр.тер!C4:C10000,"<="&Данные!C2) -> 0 | AC6: =SUMIFS(произв!A4:A10000,произв!F4:F10000,L4,произв!G4:G10000,"да",произв!C4:C10000,">="&Данные!B2,произв!C4:C10000,"<="&Данные!C2)+SUMIFS(торг!A4:A10000,торг!F4:F10000,L4,торг!G4:G10000,"да",торг!C4:C10000,">="&Данные!B2,торг!C4:C10000,"<="&Данные!C2)+SUMIFS(склад!A4:A10000,склад!F4:F10000,L4,склад!G4:G10000,"да",склад!C4:C10000,">="&Данные!B2,склад!C4:C10000,"<="&Данные!C2)+SUMIFS('обр '!A4:A10000,'обр '!F4:F10000,L4,'обр '!G4:G10000,"да",'обр '!C4:C10000,">="&Данные!B2,'обр '!C4:C10000,"<="&Данные!C2)+SUMIFS(детс!A4:A10000,детс!F4:F10000,L4,детс!G4:G10000,"да",детс!C4:C10000,">="&Данные!B2,детс!C4:C10000,"<="&Данные!C2)+SUMIFS(культ!A4:A10000,культ!F4:F10000,L4,культ!G4:G10000,"да",культ!C4:C10000,">="&Данные!B2,культ!C4:C10000,"<="&Данные!C2)+SUMIFS(спорт!A4:A10000,спорт!F4:F10000,L4,спорт!G4:G10000,"да",спорт!C4:C10000,">="&Данные!B2,спорт!C4:C10000,"<="&Данные!C2)+SUMIFS(лечеб!A4:A10000,лечеб!F4:F10000,L4,лечеб!G4:G10000,"да",лечеб!C4:C10000,">="&Данные!B2,лечеб!C4:C10000,"<="&Данные!C2)+SUMIFS(Баня!A4:A10000,Баня!F4:F10000,L4,Баня!G4:G10000,"да",Баня!C4:C10000,">="&Данные!B2,Баня!C4:C10000,"<="&Данные!C2)+SUMIFS(Адм!A4:A10000,Адм!F4:F10000,L4,Адм!G4:G10000,"да",Адм!C4:C10000,">="&Данные!B2,Адм!C4:C10000,"<="&Данные!C2)+SUMIFS(С.Х!A4:A10000,С.Х!F4:F10000,L4,С.Х!G4:G10000,"да",С.Х!C4:C10000,">="&Данные!B2,С.Х!C4:C10000,"<="&Данные!C2)+SUMIFS(новостр!A4:A10000,новостр!F4:F10000,L4,новостр!G4:G10000,"да",новостр!C4:C10000,">="&Данные!B2,новостр!C4:C10000,"<="&Данные!C2)+SUMIFS(авт!A4:A10000,авт!F4:F10000,L4,авт!G4:G10000,"да",авт!C4:C10000,">="&Данные!B2,авт!C4:C10000,"<="&Данные!C2)+SUMIFS(ЖС!A4:A10000,ЖС!F4:F10000,L4,ЖС!G4:G10000,"да",ЖС!C4:C10000,">="&Данные!B2,ЖС!C4:C10000,"<="&Данные!C2)+SUMIFS(Лес!A5:A10000,Лес!F5:F10000,L4,Лес!G5:G10000,"да",Лес!C5:C10000,">="&Данные!B2,Лес!C5:C10000,"<="&Данные!C2)+SUMIFS('степь '!A5:A10000,'степь '!F5:F10000,L4,'степь '!G5:G10000,"да",'степь '!C5:C10000,">="&Данные!B2,'степь '!C5:C10000,"<="&Данные!C2)+SUMIFS(Пр.откр.тер!A4:A10000,Пр.откр.тер!F4:F10000,L4,Пр.откр.тер!G4:G10000,"да",Пр.откр.тер!C4:C10000,">="&Данные!B2,Пр.откр.тер!C4:C10000,"<="&Данные!C2) -> 0 | AD6: =AE6+AF6 -> 0 | AE6: =SUMIFS(произв!A4:A10000,произв!F4:F10000,L4,произв!G4:G10000,"да",произв!C4:C10000,">="&Данные!B2,произв!C4:C10000,"<="&Данные!C2)+SUMIFS(торг!A4:A10000,торг!F4:F10000,L4,торг!G4:G10000,"да",торг!C4:C10000,">="&Данные!B2,торг!C4:C10000,"<="&Данные!C2)+SUMIFS(склад!A4:A10000,склад!F4:F10000,L4,склад!G4:G10000,"да",склад!C4:C10000,">="&Данные!B2,склад!C4:C10000,"<="&Данные!C2)+SUMIFS('обр '!A4:A10000,'обр '!F4:F10000,L4,'обр '!G4:G10000,"да",'обр '!C4:C10000,">="&Данные!B2,'обр '!C4:C10000,"<="&Данные!C2)+SUMIFS(детс!A4:A10000,детс!F4:F10000,L4,детс!G4:G10000,"да",детс!C4:C10000,">="&Данные!B2,детс!C4:C10000,"<="&Данные!C2)+SUMIFS(культ!A4:A10000,культ!F4:F10000,L4,культ!G4:G10000,"да",культ!C4:C10000,">="&Данные!B2,культ!C4:C10000,"<="&Данные!C2)+SUMIFS(спорт!A4:A10000,спорт!F4:F10000,L4,спорт!G4:G10000,"да",спорт!C4:C10000,">="&Данные!B2,спорт!C4:C10000,"<="&Данные!C2)+SUMIFS(лечеб!A4:A10000,лечеб!F4:F10000,L4,лечеб!G4:G10000,"да",лечеб!C4:C10000,">="&Данные!B2,лечеб!C4:C10000,"<="&Данные!C2)+SUMIFS(Баня!A4:A10000,Баня!F4:F10000,L4,Баня!G4:G10000,"да",Баня!C4:C10000,">="&Данные!B2,Баня!C4:C10000,"<="&Данные!C2)+SUMIFS(Адм!A4:A10000,Адм!F4:F10000,L4,Адм!G4:G10000,"да",Адм!C4:C10000,">="&Данные!B2,Адм!C4:C10000,"<="&Данные!C2)+SUMIFS(С.Х!A4:A10000,С.Х!F4:F10000,L4,С.Х!G4:G10000,"да",С.Х!C4:C10000,">="&Данные!B2,С.Х!C4:C10000,"<="&Данные!C2)+SUMIFS(новостр!A4:A10000,новостр!F4:F10000,L4,новостр!G4:G10000,"да",новостр!C4:C10000,">="&Данные!B2,новостр!C4:C10000,"<="&Данные!C2)+SUMIFS(авт!A4:A10000,авт!F4:F10000,L4,авт!G4:G10000,"да",авт!C4:C10000,">="&Данные!B2,авт!C4:C10000,"<="&Данные!C2)+SUMIFS(ЖС!A4:A10000,ЖС!F4:F10000,L4,ЖС!G4:G10000,"да",ЖС!C4:C10000,">="&Данные!B2,ЖС!C4:C10000,"<="&Данные!C2)+SUMIFS(Лес!A5:A10000,Лес!F5:F10000,L4,Лес!G5:G10000,"да",Лес!C5:C10000,">="&Данные!B2,Лес!C5:C10000,"<="&Данные!C2)+SUMIFS('степь '!A5:A10000,'степь '!F5:F10000,L4,'степь '!G5:G10000,"да",'степь '!C5:C10000,">="&Данные!B2,'степь '!C5:C10000,"<="&Данные!C2)+SUMIFS(Пр.откр.тер!A4:A10000,Пр.откр.тер!F4:F10000,L4,Пр.откр.тер!G4:G10000,"да",Пр.откр.тер!C4:C10000,">="&Данные!B2,Пр.откр.тер!C4:C10000,"<="&Данные!C2) -> 0 | AF6: =SUMIFS(произв!A4:A10000,произв!F4:F10000,L4,произв!G4:G10000,"да",произв!C4:C10000,">="&Данные!B2,произв!C4:C10000,"<="&Данные!C2)+SUMIFS(торг!A4:A10000,торг!F4:F10000,L4,торг!G4:G10000,"да",торг!C4:C10000,">="&Данные!B2,торг!C4:C10000,"<="&Данные!C2)+SUMIFS(склад!A4:A10000,склад!F4:F10000,L4,склад!G4:G10000,"да",склад!C4:C10000,">="&Данные!B2,склад!C4:C10000,"<="&Данные!C2)+SUMIFS('обр '!A4:A10000,'обр '!F4:F10000,L4,'обр '!G4:G10000,"да",'обр '!C4:C10000,">="&Данные!B2,'обр '!C4:C10000,"<="&Данные!C2)+SUMIFS(детс!A4:A10000,детс!F4:F10000,L4,детс!G4:G10000,"да",детс!C4:C10000,">="&Данные!B2,детс!C4:C10000,"<="&Данные!C2)+SUMIFS(культ!A4:A10000,культ!F4:F10000,L4,культ!G4:G10000,"да",культ!C4:C10000,">="&Данные!B2,культ!C4:C10000,"<="&Данные!C2)+SUMIFS(спорт!A4:A10000,спорт!F4:F10000,L4,спорт!G4:G10000,"да",спорт!C4:C10000,">="&Данные!B2,спорт!C4:C10000,"<="&Данные!C2)+SUMIFS(лечеб!A4:A10000,лечеб!F4:F10000,L4,лечеб!G4:G10000,"да",лечеб!C4:C10000,">="&Данные!B2,лечеб!C4:C10000,"<="&Данные!C2)+SUMIFS(Баня!A4:A10000,Баня!F4:F10000,L4,Баня!G4:G10000,"да",Баня!C4:C10000,">="&Данные!B2,Баня!C4:C10000,"<="&Данные!C2)+SUMIFS(Адм!A4:A10000,Адм!F4:F10000,L4,Адм!G4:G10000,"да",Адм!C4:C10000,">="&Данные!B2,Адм!C4:C10000,"<="&Данные!C2)+SUMIFS(С.Х!A4:A10000,С.Х!F4:F10000,L4,С.Х!G4:G10000,"да",С.Х!C4:C10000,">="&Данные!B2,С.Х!C4:C10000,"<="&Данные!C2)+SUMIFS(новостр!A4:A10000,новостр!F4:F10000,L4,новостр!G4:G10000,"да",новостр!C4:C10000,">="&Данные!B2,новостр!C4:C10000,"<="&Данные!C2)+SUMIFS(авт!A4:A10000,авт!F4:F10000,L4,авт!G4:G10000,"да",авт!C4:C10000,">="&Данные!B2,авт!C4:C10000,"<="&Данные!C2)+SUMIFS(ЖС!A4:A10000,ЖС!F4:F10000,L4,ЖС!G4:G10000,"да",ЖС!C4:C10000,">="&Данные!B2,ЖС!C4:C10000,"<="&Данные!C2)+SUMIFS(Лес!A5:A10000,Лес!F5:F10000,L4,Лес!G5:G10000,"да",Лес!C5:C10000,">="&Данные!B2,Лес!C5:C10000,"<="&Данные!C2)+SUMIFS('степь '!A5:A10000,'степь '!F5:F10000,L4,'степь '!G5:G10000,"да",'степь '!C5:C10000,">="&Данные!B2,'степь '!C5:C10000,"<="&Данные!C2)+SUMIFS(Пр.откр.тер!A4:A10000,Пр.откр.тер!F4:F10000,L4,Пр.откр.тер!G4:G10000,"да",Пр.откр.тер!C4:C10000,">="&Данные!B2,Пр.откр.тер!C4:C10000,"<="&Данные!C2) -> 0 | AG6: =AH6+AI6 -> 0 | AH6: =SUMIFS(произв!A4:A10000,произв!F4:F10000,L4,произв!G4:G10000,"да",произв!C4:C10000,">="&Данные!B2,произв!C4:C10000,"<="&Данные!C2)+SUMIFS(торг!A4:A10000,торг!F4:F10000,L4,торг!G4:G10000,"да",торг!C4:C10000,">="&Данные!B2,торг!C4:C10000,"<="&Данные!C2)+SUMIFS(склад!A4:A10000,склад!F4:F10000,L4,склад!G4:G10000,"да",склад!C4:C10000,">="&Данные!B2,склад!C4:C10000,"<="&Данные!C2)+SUMIFS('обр '!A4:A10000,'обр '!F4:F10000,L4,'обр '!G4:G10000,"да",'обр '!C4:C10000,">="&Данные!B2,'обр '!C4:C10000,"<="&Данные!C2)+SUMIFS(детс!A4:A10000,детс!F4:F10000,L4,детс!G4:G10000,"да",детс!C4:C10000,">="&Данные!B2,детс!C4:C10000,"<="&Данные!C2)+SUMIFS(культ!A4:A10000,культ!F4:F10000,L4,культ!G4:G10000,"да",культ!C4:C10000,">="&Данные!B2,культ!C4:C10000,"<="&Данные!C2)+SUMIFS(спорт!A4:A10000,спорт!F4:F10000,L4,спорт!G4:G10000,"да",спорт!C4:C10000,">="&Данные!B2,спорт!C4:C10000,"<="&Данные!C2)+SUMIFS(лечеб!A4:A10000,лечеб!F4:F10000,L4,лечеб!G4:G10000,"да",лечеб!C4:C10000,">="&Данные!B2,лечеб!C4:C10000,"<="&Данные!C2)+SUMIFS(Баня!A4:A10000,Баня!F4:F10000,L4,Баня!G4:G10000,"да",Баня!C4:C10000,">="&Данные!B2,Баня!C4:C10000,"<="&Данные!C2)+SUMIFS(Адм!A4:A10000,Адм!F4:F10000,L4,Адм!G4:G10000,"да",Адм!C4:C10000,">="&Данные!B2,Адм!C4:C10000,"<="&Данные!C2)+SUMIFS(С.Х!A4:A10000,С.Х!F4:F10000,L4,С.Х!G4:G10000,"да",С.Х!C4:C10000,">="&Данные!B2,С.Х!C4:C10000,"<="&Данные!C2)+SUMIFS(новостр!A4:A10000,новостр!F4:F10000,L4,новостр!G4:G10000,"да",новостр!C4:C10000,">="&Данные!B2,новостр!C4:C10000,"<="&Данные!C2)+SUMIFS(авт!A4:A10000,авт!F4:F10000,L4,авт!G4:G10000,"да",авт!C4:C10000,">="&Данные!B2,авт!C4:C10000,"<="&Данные!C2)+SUMIFS(ЖС!A4:A10000,ЖС!F4:F10000,L4,ЖС!G4:G10000,"да",ЖС!C4:C10000,">="&Данные!B2,ЖС!C4:C10000,"<="&Данные!C2)+SUMIFS(Лес!A5:A10000,Лес!F5:F10000,L4,Лес!G5:G10000,"да",Лес!C5:C10000,">="&Данные!B2,Лес!C5:C10000,"<="&Данные!C2)+SUMIFS('степь '!A5:A10000,'степь '!F5:F10000,L4,'степь '!G5:G10000,"да",'степь '!C5:C10000,">="&Данные!B2,'степь '!C5:C10000,"<="&Данные!C2)+SUMIFS(Пр.откр.тер!A4:A10000,Пр.откр.тер!F4:F10000,L4,Пр.откр.тер!G4:G10000,"да",Пр.откр.тер!C4:C10000,">="&Данные!B2,Пр.откр.тер!C4:C10000,"<="&Данные!C2) -> 0 | AI6: =SUMIFS(произв!A4:A10000,произв!F4:F10000,L4,произв!G4:G10000,"да",произв!C4:C10000,">="&Данные!B2,произв!C4:C10000,"<="&Данные!C2)+SUMIFS(торг!A4:A10000,торг!F4:F10000,L4,торг!G4:G10000,"да",торг!C4:C10000,">="&Данные!B2,торг!C4:C10000,"<="&Данные!C2)+SUMIFS(склад!A4:A10000,склад!F4:F10000,L4,склад!G4:G10000,"да",склад!C4:C10000,">="&Данные!B2,склад!C4:C10000,"<="&Данные!C2)+SUMIFS('обр '!A4:A10000,'обр '!F4:F10000,L4,'обр '!G4:G10000,"да",'обр '!C4:C10000,">="&Данные!B2,'обр '!C4:C10000,"<="&Данные!C2)+SUMIFS(детс!A4:A10000,детс!F4:F10000,L4,детс!G4:G10000,"да",детс!C4:C10000,">="&Данные!B2,детс!C4:C10000,"<="&Данные!C2)+SUMIFS(культ!A4:A10000,культ!F4:F10000,L4,культ!G4:G10000,"да",культ!C4:C10000,">="&Данные!B2,культ!C4:C10000,"<="&Данные!C2)+SUMIFS(спорт!A4:A10000,спорт!F4:F10000,L4,спорт!G4:G10000,"да",спорт!C4:C10000,">="&Данные!B2,спорт!C4:C10000,"<="&Данные!C2)+SUMIFS(лечеб!A4:A10000,лечеб!F4:F10000,L4,лечеб!G4:G10000,"да",лечеб!C4:C10000,">="&Данные!B2,лечеб!C4:C10000,"<="&Данные!C2)+SUMIFS(Баня!A4:A10000,Баня!F4:F10000,L4,Баня!G4:G10000,"да",Баня!C4:C10000,">="&Данные!B2,Баня!C4:C10000,"<="&Данные!C2)+SUMIFS(Адм!A4:A10000,Адм!F4:F10000,L4,Адм!G4:G10000,"да",Адм!C4:C10000,">="&Данные!B2,Адм!C4:C10000,"<="&Данные!C2)+SUMIFS(С.Х!A4:A10000,С.Х!F4:F10000,L4,С.Х!G4:G10000,"да",С.Х!C4:C10000,">="&Данные!B2,С.Х!C4:C10000,"<="&Данные!C2)+SUMIFS(новостр!A4:A10000,новостр!F4:F10000,L4,новостр!G4:G10000,"да",новостр!C4:C10000,">="&Данные!B2,новостр!C4:C10000,"<="&Данные!C2)+SUMIFS(авт!A4:A10000,авт!F4:F10000,L4,авт!G4:G10000,"да",авт!C4:C10000,">="&Данные!B2,авт!C4:C10000,"<="&Данные!C2)+SUMIFS(ЖС!A4:A10000,ЖС!F4:F10000,L4,ЖС!G4:G10000,"да",ЖС!C4:C10000,">="&Данные!B2,ЖС!C4:C10000,"<="&Данные!C2)+SUMIFS(Лес!A5:A10000,Лес!F5:F10000,L4,Лес!G5:G10000,"да",Лес!C5:C10000,">="&Данные!B2,Лес!C5:C10000,"<="&Данные!C2)+SUMIFS('степь '!A5:A10000,'степь '!F5:F10000,L4,'степь '!G5:G10000,"да",'степь '!C5:C10000,">="&Данные!B2,'степь '!C5:C10000,"<="&Данные!C2)+SUMIFS(Пр.откр.тер!A4:A10000,Пр.откр.тер!F4:F10000,L4,Пр.откр.тер!G4:G10000,"да",Пр.откр.тер!C4:C10000,">="&Данные!B2,Пр.откр.тер!C4:C10000,"<="&Данные!C2) -> 0 | AJ6: =AK6+AL6 -> 0 | AK6: =SUMIFS(произв!A4:A10000,произв!F4:F10000,L4,произв!G4:G10000,"да",произв!C4:C10000,">="&Данные!B2,произв!C4:C10000,"<="&Данные!C2)+SUMIFS(торг!A4:A10000,торг!F4:F10000,L4,торг!G4:G10000,"да",торг!C4:C10000,">="&Данные!B2,торг!C4:C10000,"<="&Данные!C2)+SUMIFS(склад!A4:A10000,склад!F4:F10000,L4,склад!G4:G10000,"да",склад!C4:C10000,">="&Данные!B2,склад!C4:C10000,"<="&Данные!C2)+SUMIFS('обр '!A4:A10000,'обр '!F4:F10000,L4,'обр '!G4:G10000,"да",'обр '!C4:C10000,">="&Данные!B2,'обр '!C4:C10000,"<="&Данные!C2)+SUMIFS(детс!A4:A10000,детс!F4:F10000,L4,детс!G4:G10000,"да",детс!C4:C10000,">="&Данные!B2,детс!C4:C10000,"<="&Данные!C2)+SUMIFS(культ!A4:A10000,культ!F4:F10000,L4,культ!G4:G10000,"да",культ!C4:C10000,">="&Данные!B2,культ!C4:C10000,"<="&Данные!C2)+SUMIFS(спорт!A4:A10000,спорт!F4:F10000,L4,спорт!G4:G10000,"да",спорт!C4:C10000,">="&Данные!B2,спорт!C4:C10000,"<="&Данные!C2)+SUMIFS(лечеб!A4:A10000,лечеб!F4:F10000,L4,лечеб!G4:G10000,"да",лечеб!C4:C10000,">="&Данные!B2,лечеб!C4:C10000,"<="&Данные!C2)+SUMIFS(Баня!A4:A10000,Баня!F4:F10000,L4,Баня!G4:G10000,"да",Баня!C4:C10000,">="&Данные!B2,Баня!C4:C10000,"<="&Данные!C2)+SUMIFS(Адм!A4:A10000,Адм!F4:F10000,L4,Адм!G4:G10000,"да",Адм!C4:C10000,">="&Данные!B2,Адм!C4:C10000,"<="&Данные!C2)+SUMIFS(С.Х!A4:A10000,С.Х!F4:F10000,L4,С.Х!G4:G10000,"да",С.Х!C4:C10000,">="&Данные!B2,С.Х!C4:C10000,"<="&Данные!C2)+SUMIFS(новостр!A4:A10000,новостр!F4:F10000,L4,новостр!G4:G10000,"да",новостр!C4:C10000,">="&Данные!B2,новостр!C4:C10000,"<="&Данные!C2)+SUMIFS(авт!A4:A10000,авт!F4:F10000,L4,авт!G4:G10000,"да",авт!C4:C10000,">="&Данные!B2,авт!C4:C10000,"<="&Данные!C2)+SUMIFS(ЖС!A4:A10000,ЖС!F4:F10000,L4,ЖС!G4:G10000,"да",ЖС!C4:C10000,">="&Данные!B2,ЖС!C4:C10000,"<="&Данные!C2)+SUMIFS(Лес!A5:A10000,Лес!F5:F10000,L4,Лес!G5:G10000,"да",Лес!C5:C10000,">="&Данные!B2,Лес!C5:C10000,"<="&Данные!C2)+SUMIFS('степь '!A5:A10000,'степь '!F5:F10000,L4,'степь '!G5:G10000,"да",'степь '!C5:C10000,">="&Данные!B2,'степь '!C5:C10000,"<="&Данные!C2)+SUMIFS(Пр.откр.тер!A4:A10000,Пр.откр.тер!F4:F10000,L4,Пр.откр.тер!G4:G10000,"да",Пр.откр.тер!C4:C10000,">="&Данные!B2,Пр.откр.тер!C4:C10000,"<="&Данные!C2) -> 0 | AL6: =SUMIFS(произв!A4:A10000,произв!F4:F10000,L4,произв!G4:G10000,"да",произв!C4:C10000,">="&Данные!B2,произв!C4:C10000,"<="&Данные!C2)+SUMIFS(торг!A4:A10000,торг!F4:F10000,L4,торг!G4:G10000,"да",торг!C4:C10000,">="&Данные!B2,торг!C4:C10000,"<="&Данные!C2)+SUMIFS(склад!A4:A10000,склад!F4:F10000,L4,склад!G4:G10000,"да",склад!C4:C10000,">="&Данные!B2,склад!C4:C10000,"<="&Данные!C2)+SUMIFS('обр '!A4:A10000,'обр '!F4:F10000,L4,'обр '!G4:G10000,"да",'обр '!C4:C10000,">="&Данные!B2,'обр '!C4:C10000,"<="&Данные!C2)+SUMIFS(детс!A4:A10000,детс!F4:F10000,L4,детс!G4:G10000,"да",детс!C4:C10000,">="&Данные!B2,детс!C4:C10000,"<="&Данные!C2)+SUMIFS(культ!A4:A10000,культ!F4:F10000,L4,культ!G4:G10000,"да",культ!C4:C10000,">="&Данные!B2,культ!C4:C10000,"<="&Данные!C2)+SUMIFS(спорт!A4:A10000,спорт!F4:F10000,L4,спорт!G4:G10000,"да",спорт!C4:C10000,">="&Данные!B2,спорт!C4:C10000,"<="&Данные!C2)+SUMIFS(лечеб!A4:A10000,лечеб!F4:F10000,L4,лечеб!G4:G10000,"да",лечеб!C4:C10000,">="&Данные!B2,лечеб!C4:C10000,"<="&Данные!C2)+SUMIFS(Баня!A4:A10000,Баня!F4:F10000,L4,Баня!G4:G10000,"да",Баня!C4:C10000,">="&Данные!B2,Баня!C4:C10000,"<="&Данные!C2)+SUMIFS(Адм!A4:A10000,Адм!F4:F10000,L4,Адм!G4:G10000,"да",Адм!C4:C10000,">="&Данные!B2,Адм!C4:C10000,"<="&Данные!C2)+SUMIFS(С.Х!A4:A10000,С.Х!F4:F10000,L4,С.Х!G4:G10000,"да",С.Х!C4:C10000,">="&Данные!B2,С.Х!C4:C10000,"<="&Данные!C2)+SUMIFS(новостр!A4:A10000,новостр!F4:F10000,L4,новостр!G4:G10000,"да",новостр!C4:C10000,">="&Данные!B2,новостр!C4:C10000,"<="&Данные!C2)+SUMIFS(авт!A4:A10000,авт!F4:F10000,L4,авт!G4:G10000,"да",авт!C4:C10000,">="&Данные!B2,авт!C4:C10000,"<="&Данные!C2)+SUMIFS(ЖС!A4:A10000,ЖС!F4:F10000,L4,ЖС!G4:G10000,"да",ЖС!C4:C10000,">="&Данные!B2,ЖС!C4:C10000,"<="&Данные!C2)+SUMIFS(Лес!A5:A10000,Лес!F5:F10000,L4,Лес!G5:G10000,"да",Лес!C5:C10000,">="&Данные!B2,Лес!C5:C10000,"<="&Данные!C2)+SUMIFS('степь '!A5:A10000,'степь '!F5:F10000,L4,'степь '!G5:G10000,"да",'степь '!C5:C10000,">="&Данные!B2,'степь '!C5:C10000,"<="&Данные!C2)+SUMIFS(Пр.откр.тер!A4:A10000,Пр.откр.тер!F4:F10000,L4,Пр.откр.тер!G4:G10000,"да",Пр.откр.тер!C4:C10000,">="&Данные!B2,Пр.откр.тер!C4:C10000,"<="&Данные!C2) -> 0 | AM6: =AN6+AO6 -> 0 | AN6: =SUMIFS(произв!A4:A10000,произв!F4:F10000,L4,произв!G4:G10000,"да",произв!C4:C10000,">="&Данные!B2,произв!C4:C10000,"<="&Данные!C2)+SUMIFS(торг!A4:A10000,торг!F4:F10000,L4,торг!G4:G10000,"да",торг!C4:C10000,">="&Данные!B2,торг!C4:C10000,"<="&Данные!C2)+SUMIFS(склад!A4:A10000,склад!F4:F10000,L4,склад!G4:G10000,"да",склад!C4:C10000,">="&Данные!B2,склад!C4:C10000,"<="&Данные!C2)+SUMIFS('обр '!A4:A10000,'обр '!F4:F10000,L4,'обр '!G4:G10000,"да",'обр '!C4:C10000,">="&Данные!B2,'обр '!C4:C10000,"<="&Данные!C2)+SUMIFS(детс!A4:A10000,детс!F4:F10000,L4,детс!G4:G10000,"да",детс!C4:C10000,">="&Данные!B2,детс!C4:C10000,"<="&Данные!C2)+SUMIFS(культ!A4:A10000,культ!F4:F10000,L4,культ!G4:G10000,"да",культ!C4:C10000,">="&Данные!B2,культ!C4:C10000,"<="&Данные!C2)+SUMIFS(спорт!A4:A10000,спорт!F4:F10000,L4,спорт!G4:G10000,"да",спорт!C4:C10000,">="&Данные!B2,спорт!C4:C10000,"<="&Данные!C2)+SUMIFS(лечеб!A4:A10000,лечеб!F4:F10000,L4,лечеб!G4:G10000,"да",лечеб!C4:C10000,">="&Данные!B2,лечеб!C4:C10000,"<="&Данные!C2)+SUMIFS(Баня!A4:A10000,Баня!F4:F10000,L4,Баня!G4:G10000,"да",Баня!C4:C10000,">="&Данные!B2,Баня!C4:C10000,"<="&Данные!C2)+SUMIFS(Адм!A4:A10000,Адм!F4:F10000,L4,Адм!G4:G10000,"да",Адм!C4:C10000,">="&Данные!B2,Адм!C4:C10000,"<="&Данные!C2)+SUMIFS(С.Х!A4:A10000,С.Х!F4:F10000,L4,С.Х!G4:G10000,"да",С.Х!C4:C10000,">="&Данные!B2,С.Х!C4:C10000,"<="&Данные!C2)+SUMIFS(новостр!A4:A10000,новостр!F4:F10000,L4,новостр!G4:G10000,"да",новостр!C4:C10000,">="&Данные!B2,новостр!C4:C10000,"<="&Данные!C2)+SUMIFS(авт!A4:A10000,авт!F4:F10000,L4,авт!G4:G10000,"да",авт!C4:C10000,">="&Данные!B2,авт!C4:C10000,"<="&Данные!C2)+SUMIFS(ЖС!A4:A10000,ЖС!F4:F10000,L4,ЖС!G4:G10000,"да",ЖС!C4:C10000,">="&Данные!B2,ЖС!C4:C10000,"<="&Данные!C2)+SUMIFS(Лес!A5:A10000,Лес!F5:F10000,L4,Лес!G5:G10000,"да",Лес!C5:C10000,">="&Данные!B2,Лес!C5:C10000,"<="&Данные!C2)+SUMIFS('степь '!A5:A10000,'степь '!F5:F10000,L4,'степь '!G5:G10000,"да",'степь '!C5:C10000,">="&Данные!B2,'степь '!C5:C10000,"<="&Данные!C2)+SUMIFS(Пр.откр.тер!A4:A10000,Пр.откр.тер!F4:F10000,L4,Пр.откр.тер!G4:G10000,"да",Пр.откр.тер!C4:C10000,">="&Данные!B2,Пр.откр.тер!C4:C10000,"<="&Данные!C2) -> 0 | AO6: =SUMIFS(произв!A4:A10000,произв!F4:F10000,L4,произв!G4:G10000,"да",произв!C4:C10000,">="&Данные!B2,произв!C4:C10000,"<="&Данные!C2)+SUMIFS(торг!A4:A10000,торг!F4:F10000,L4,торг!G4:G10000,"да",торг!C4:C10000,">="&Данные!B2,торг!C4:C10000,"<="&Данные!C2)+SUMIFS(склад!A4:A10000,склад!F4:F10000,L4,склад!G4:G10000,"да",склад!C4:C10000,">="&Данные!B2,склад!C4:C10000,"<="&Данные!C2)+SUMIFS('обр '!A4:A10000,'обр '!F4:F10000,L4,'обр '!G4:G10000,"да",'обр '!C4:C10000,">="&Данные!B2,'обр '!C4:C10000,"<="&Данные!C2)+SUMIFS(детс!A4:A10000,детс!F4:F10000,L4,детс!G4:G10000,"да",детс!C4:C10000,">="&Данные!B2,детс!C4:C10000,"<="&Данные!C2)+SUMIFS(культ!A4:A10000,культ!F4:F10000,L4,культ!G4:G10000,"да",культ!C4:C10000,">="&Данные!B2,культ!C4:C10000,"<="&Данные!C2)+SUMIFS(спорт!A4:A10000,спорт!F4:F10000,L4,спорт!G4:G10000,"да",спорт!C4:C10000,">="&Данные!B2,спорт!C4:C10000,"<="&Данные!C2)+SUMIFS(лечеб!A4:A10000,лечеб!F4:F10000,L4,лечеб!G4:G10000,"да",лечеб!C4:C10000,">="&Данные!B2,лечеб!C4:C10000,"<="&Данные!C2)+SUMIFS(Баня!A4:A10000,Баня!F4:F10000,L4,Баня!G4:G10000,"да",Баня!C4:C10000,">="&Данные!B2,Баня!C4:C10000,"<="&Данные!C2)+SUMIFS(Адм!A4:A10000,Адм!F4:F10000,L4,Адм!G4:G10000,"да",Адм!C4:C10000,">="&Данные!B2,Адм!C4:C10000,"<="&Данные!C2)+SUMIFS(С.Х!A4:A10000,С.Х!F4:F10000,L4,С.Х!G4:G10000,"да",С.Х!C4:C10000,">="&Данные!B2,С.Х!C4:C10000,"<="&Данные!C2)+SUMIFS(новостр!A4:A10000,новостр!F4:F10000,L4,новостр!G4:G10000,"да",новостр!C4:C10000,">="&Данные!B2,новостр!C4:C10000,"<="&Данные!C2)+SUMIFS(авт!A4:A10000,авт!F4:F10000,L4,авт!G4:G10000,"да",авт!C4:C10000,">="&Данные!B2,авт!C4:C10000,"<="&Данные!C2)+SUMIFS(ЖС!A4:A10000,ЖС!F4:F10000,L4,ЖС!G4:G10000,"да",ЖС!C4:C10000,">="&Данные!B2,ЖС!C4:C10000,"<="&Данные!C2)+SUMIFS(Лес!A5:A10000,Лес!F5:F10000,L4,Лес!G5:G10000,"да",Лес!C5:C10000,">="&Данные!B2,Лес!C5:C10000,"<="&Данные!C2)+SUMIFS('степь '!A5:A10000,'степь '!F5:F10000,L4,'степь '!G5:G10000,"да",'степь '!C5:C10000,">="&Данные!B2,'степь '!C5:C10000,"<="&Данные!C2)+SUMIFS(Пр.откр.тер!A4:A10000,Пр.откр.тер!F4:F10000,L4,Пр.откр.тер!G4:G10000,"да",Пр.откр.тер!C4:C10000,">="&Данные!B2,Пр.откр.тер!C4:C10000,"<="&Данные!C2) -> 0 | AP6: =AQ6+AR6 -> 0 | AQ6: =SUMIFS(произв!A4:A10000,произв!F4:F10000,L4,произв!G4:G10000,"да",произв!C4:C10000,">="&Данные!B2,произв!C4:C10000,"<="&Данные!C2)+SUMIFS(торг!A4:A10000,торг!F4:F10000,L4,торг!G4:G10000,"да",торг!C4:C10000,">="&Данные!B2,торг!C4:C10000,"<="&Данные!C2)+SUMIFS(склад!A4:A10000,склад!F4:F10000,L4,склад!G4:G10000,"да",склад!C4:C10000,">="&Данные!B2,склад!C4:C10000,"<="&Данные!C2)+SUMIFS('обр '!A4:A10000,'обр '!F4:F10000,L4,'обр '!G4:G10000,"да",'обр '!C4:C10000,">="&Данные!B2,'обр '!C4:C10000,"<="&Данные!C2)+SUMIFS(детс!A4:A10000,детс!F4:F10000,L4,детс!G4:G10000,"да",детс!C4:C10000,">="&Данные!B2,детс!C4:C10000,"<="&Данные!C2)+SUMIFS(культ!A4:A10000,культ!F4:F10000,L4,культ!G4:G10000,"да",культ!C4:C10000,">="&Данные!B2,культ!C4:C10000,"<="&Данные!C2)+SUMIFS(спорт!A4:A10000,спорт!F4:F10000,L4,спорт!G4:G10000,"да",спорт!C4:C10000,">="&Данные!B2,спорт!C4:C10000,"<="&Данные!C2)+SUMIFS(лечеб!A4:A10000,лечеб!F4:F10000,L4,лечеб!G4:G10000,"да",лечеб!C4:C10000,">="&Данные!B2,лечеб!C4:C10000,"<="&Данные!C2)+SUMIFS(Баня!A4:A10000,Баня!F4:F10000,L4,Баня!G4:G10000,"да",Баня!C4:C10000,">="&Данные!B2,Баня!C4:C10000,"<="&Данные!C2)+SUMIFS(Адм!A4:A10000,Адм!F4:F10000,L4,Адм!G4:G10000,"да",Адм!C4:C10000,">="&Данные!B2,Адм!C4:C10000,"<="&Данные!C2)+SUMIFS(С.Х!A4:A10000,С.Х!F4:F10000,L4,С.Х!G4:G10000,"да",С.Х!C4:C10000,">="&Данные!B2,С.Х!C4:C10000,"<="&Данные!C2)+SUMIFS(новостр!A4:A10000,новостр!F4:F10000,L4,новостр!G4:G10000,"да",новостр!C4:C10000,">="&Данные!B2,новостр!C4:C10000,"<="&Данные!C2)+SUMIFS(авт!A4:A10000,авт!F4:F10000,L4,авт!G4:G10000,"да",авт!C4:C10000,">="&Данные!B2,авт!C4:C10000,"<="&Данные!C2)+SUMIFS(ЖС!A4:A10000,ЖС!F4:F10000,L4,ЖС!G4:G10000,"да",ЖС!C4:C10000,">="&Данные!B2,ЖС!C4:C10000,"<="&Данные!C2)+SUMIFS(Лес!A5:A10000,Лес!F5:F10000,L4,Лес!G5:G10000,"да",Лес!C5:C10000,">="&Данные!B2,Лес!C5:C10000,"<="&Данные!C2)+SUMIFS('степь '!A5:A10000,'степь '!F5:F10000,L4,'степь '!G5:G10000,"да",'степь '!C5:C10000,">="&Данные!B2,'степь '!C5:C10000,"<="&Данные!C2)+SUMIFS(Пр.откр.тер!A4:A10000,Пр.откр.тер!F4:F10000,L4,Пр.откр.тер!G4:G10000,"да",Пр.откр.тер!C4:C10000,">="&Данные!B2,Пр.откр.тер!C4:C10000,"<="&Данные!C2) -> 0 | AR6: =SUMIFS(произв!A4:A10000,произв!F4:F10000,L4,произв!G4:G10000,"да",произв!C4:C10000,">="&Данные!B2,произв!C4:C10000,"<="&Данные!C2)+SUMIFS(торг!A4:A10000,торг!F4:F10000,L4,торг!G4:G10000,"да",торг!C4:C10000,">="&Данные!B2,торг!C4:C10000,"<="&Данные!C2)+SUMIFS(склад!A4:A10000,склад!F4:F10000,L4,склад!G4:G10000,"да",склад!C4:C10000,">="&Данные!B2,склад!C4:C10000,"<="&Данные!C2)+SUMIFS('обр '!A4:A10000,'обр '!F4:F10000,L4,'обр '!G4:G10000,"да",'обр '!C4:C10000,">="&Данные!B2,'обр '!C4:C10000,"<="&Данные!C2)+SUMIFS(детс!A4:A10000,детс!F4:F10000,L4,детс!G4:G10000,"да",детс!C4:C10000,">="&Данные!B2,детс!C4:C10000,"<="&Данные!C2)+SUMIFS(культ!A4:A10000,культ!F4:F10000,L4,культ!G4:G10000,"да",культ!C4:C10000,">="&Данные!B2,культ!C4:C10000,"<="&Данные!C2)+SUMIFS(спорт!A4:A10000,спорт!F4:F10000,L4,спорт!G4:G10000,"да",спорт!C4:C10000,">="&Данные!B2,спорт!C4:C10000,"<="&Данные!C2)+SUMIFS(лечеб!A4:A10000,лечеб!F4:F10000,L4,лечеб!G4:G10000,"да",лечеб!C4:C10000,">="&Данные!B2,лечеб!C4:C10000,"<="&Данные!C2)+SUMIFS(Баня!A4:A10000,Баня!F4:F10000,L4,Баня!G4:G10000,"да",Баня!C4:C10000,">="&Данные!B2,Баня!C4:C10000,"<="&Данные!C2)+SUMIFS(Адм!A4:A10000,Адм!F4:F10000,L4,Адм!G4:G10000,"да",Адм!C4:C10000,">="&Данные!B2,Адм!C4:C10000,"<="&Данные!C2)+SUMIFS(С.Х!A4:A10000,С.Х!F4:F10000,L4,С.Х!G4:G10000,"да",С.Х!C4:C10000,">="&Данные!B2,С.Х!C4:C10000,"<="&Данные!C2)+SUMIFS(новостр!A4:A10000,новостр!F4:F10000,L4,новостр!G4:G10000,"да",новостр!C4:C10000,">="&Данные!B2,новостр!C4:C10000,"<="&Данные!C2)+SUMIFS(авт!A4:A10000,авт!F4:F10000,L4,авт!G4:G10000,"да",авт!C4:C10000,">="&Данные!B2,авт!C4:C10000,"<="&Данные!C2)+SUMIFS(ЖС!A4:A10000,ЖС!F4:F10000,L4,ЖС!G4:G10000,"да",ЖС!C4:C10000,">="&Данные!B2,ЖС!C4:C10000,"<="&Данные!C2)+SUMIFS(Лес!A5:A10000,Лес!F5:F10000,L4,Лес!G5:G10000,"да",Лес!C5:C10000,">="&Данные!B2,Лес!C5:C10000,"<="&Данные!C2)+SUMIFS('степь '!A5:A10000,'степь '!F5:F10000,L4,'степь '!G5:G10000,"да",'степь '!C5:C10000,">="&Данные!B2,'степь '!C5:C10000,"<="&Данные!C2)+SUMIFS(Пр.откр.тер!A4:A10000,Пр.откр.тер!F4:F10000,L4,Пр.откр.тер!G4:G10000,"да",Пр.откр.тер!C4:C10000,">="&Данные!B2,Пр.откр.тер!C4:C10000,"<="&Данные!C2) -> 0 | AS6: =AT6+AU6 -> 0 | AT6: =SUMIFS(произв!A4:A10000,произв!F4:F10000,L4,произв!G4:G10000,"да",произв!C4:C10000,">="&Данные!B2,произв!C4:C10000,"<="&Данные!C2)+SUMIFS(торг!A4:A10000,торг!F4:F10000,L4,торг!G4:G10000,"да",торг!C4:C10000,">="&Данные!B2,торг!C4:C10000,"<="&Данные!C2)+SUMIFS(склад!A4:A10000,склад!F4:F10000,L4,склад!G4:G10000,"да",склад!C4:C10000,">="&Данные!B2,склад!C4:C10000,"<="&Данные!C2)+SUMIFS('обр '!A4:A10000,'обр '!F4:F10000,L4,'обр '!G4:G10000,"да",'обр '!C4:C10000,">="&Данные!B2,'обр '!C4:C10000,"<="&Данные!C2)+SUMIFS(детс!A4:A10000,детс!F4:F10000,L4,детс!G4:G10000,"да",детс!C4:C10000,">="&Данные!B2,детс!C4:C10000,"<="&Данные!C2)+SUMIFS(культ!A4:A10000,культ!F4:F10000,L4,культ!G4:G10000,"да",культ!C4:C10000,">="&Данные!B2,культ!C4:C10000,"<="&Данные!C2)+SUMIFS(спорт!A4:A10000,спорт!F4:F10000,L4,спорт!G4:G10000,"да",спорт!C4:C10000,">="&Данные!B2,спорт!C4:C10000,"<="&Данные!C2)+SUMIFS(лечеб!A4:A10000,лечеб!F4:F10000,L4,лечеб!G4:G10000,"да",лечеб!C4:C10000,">="&Данные!B2,лечеб!C4:C10000,"<="&Данные!C2)+SUMIFS(Баня!A4:A10000,Баня!F4:F10000,L4,Баня!G4:G10000,"да",Баня!C4:C10000,">="&Данные!B2,Баня!C4:C10000,"<="&Данные!C2)+SUMIFS(Адм!A4:A10000,Адм!F4:F10000,L4,Адм!G4:G10000,"да",Адм!C4:C10000,">="&Данные!B2,Адм!C4:C10000,"<="&Данные!C2)+SUMIFS(С.Х!A4:A10000,С.Х!F4:F10000,L4,С.Х!G4:G10000,"да",С.Х!C4:C10000,">="&Данные!B2,С.Х!C4:C10000,"<="&Данные!C2)+SUMIFS(новостр!A4:A10000,новостр!F4:F10000,L4,новостр!G4:G10000,"да",новостр!C4:C10000,">="&Данные!B2,новостр!C4:C10000,"<="&Данные!C2)+SUMIFS(авт!A4:A10000,авт!F4:F10000,L4,авт!G4:G10000,"да",авт!C4:C10000,">="&Данные!B2,авт!C4:C10000,"<="&Данные!C2)+SUMIFS(ЖС!A4:A10000,ЖС!F4:F10000,L4,ЖС!G4:G10000,"да",ЖС!C4:C10000,">="&Данные!B2,ЖС!C4:C10000,"<="&Данные!C2)+SUMIFS(Лес!A5:A10000,Лес!F5:F10000,L4,Лес!G5:G10000,"да",Лес!C5:C10000,">="&Данные!B2,Лес!C5:C10000,"<="&Данные!C2)+SUMIFS('степь '!A5:A10000,'степь '!F5:F10000,L4,'степь '!G5:G10000,"да",'степь '!C5:C10000,">="&Данные!B2,'степь '!C5:C10000,"<="&Данные!C2)+SUMIFS(Пр.откр.тер!A4:A10000,Пр.откр.тер!F4:F10000,L4,Пр.откр.тер!G4:G10000,"да",Пр.откр.тер!C4:C10000,">="&Данные!B2,Пр.откр.тер!C4:C10000,"<="&Данные!C2) -> 0 | AU6: =SUMIFS(произв!A4:A10000,произв!F4:F10000,L4,произв!G4:G10000,"да",произв!C4:C10000,">="&Данные!B2,произв!C4:C10000,"<="&Данные!C2)+SUMIFS(торг!A4:A10000,торг!F4:F10000,L4,торг!G4:G10000,"да",торг!C4:C10000,">="&Данные!B2,торг!C4:C10000,"<="&Данные!C2)+SUMIFS(склад!A4:A10000,склад!F4:F10000,L4,склад!G4:G10000,"да",склад!C4:C10000,">="&Данные!B2,склад!C4:C10000,"<="&Данные!C2)+SUMIFS('обр '!A4:A10000,'обр '!F4:F10000,L4,'обр '!G4:G10000,"да",'обр '!C4:C10000,">="&Данные!B2,'обр '!C4:C10000,"<="&Данные!C2)+SUMIFS(детс!A4:A10000,детс!F4:F10000,L4,детс!G4:G10000,"да",детс!C4:C10000,">="&Данные!B2,детс!C4:C10000,"<="&Данные!C2)+SUMIFS(культ!A4:A10000,культ!F4:F10000,L4,культ!G4:G10000,"да",культ!C4:C10000,">="&Данные!B2,культ!C4:C10000,"<="&Данные!C2)+SUMIFS(спорт!A4:A10000,спорт!F4:F10000,L4,спорт!G4:G10000,"да",спорт!C4:C10000,">="&Данные!B2,спорт!C4:C10000,"<="&Данные!C2)+SUMIFS(лечеб!A4:A10000,лечеб!F4:F10000,L4,лечеб!G4:G10000,"да",лечеб!C4:C10000,">="&Данные!B2,лечеб!C4:C10000,"<="&Данные!C2)+SUMIFS(Баня!A4:A10000,Баня!F4:F10000,L4,Баня!G4:G10000,"да",Баня!C4:C10000,">="&Данные!B2,Баня!C4:C10000,"<="&Данные!C2)+SUMIFS(Адм!A4:A10000,Адм!F4:F10000,L4,Адм!G4:G10000,"да",Адм!C4:C10000,">="&Данные!B2,Адм!C4:C10000,"<="&Данные!C2)+SUMIFS(С.Х!A4:A10000,С.Х!F4:F10000,L4,С.Х!G4:G10000,"да",С.Х!C4:C10000,">="&Данные!B2,С.Х!C4:C10000,"<="&Данные!C2)+SUMIFS(новостр!A4:A10000,новостр!F4:F10000,L4,новостр!G4:G10000,"да",новостр!C4:C10000,">="&Данные!B2,новостр!C4:C10000,"<="&Данные!C2)+SUMIFS(авт!A4:A10000,авт!F4:F10000,L4,авт!G4:G10000,"да",авт!C4:C10000,">="&Данные!B2,авт!C4:C10000,"<="&Данные!C2)+SUMIFS(ЖС!A4:A10000,ЖС!F4:F10000,L4,ЖС!G4:G10000,"да",ЖС!C4:C10000,">="&Данные!B2,ЖС!C4:C10000,"<="&Данные!C2)+SUMIFS(Лес!A5:A10000,Лес!F5:F10000,L4,Лес!G5:G10000,"да",Лес!C5:C10000,">="&Данные!B2,Лес!C5:C10000,"<="&Данные!C2)+SUMIFS('степь '!A5:A10000,'степь '!F5:F10000,L4,'степь '!G5:G10000,"да",'степь '!C5:C10000,">="&Данные!B2,'степь '!C5:C10000,"<="&Данные!C2)+SUMIFS(Пр.откр.тер!A4:A10000,Пр.откр.тер!F4:F10000,L4,Пр.откр.тер!G4:G10000,"да",Пр.откр.тер!C4:C10000,">="&Данные!B2,Пр.откр.тер!C4:C10000,"<="&Данные!C2) -> 0 | AV6: =AW6+AX6 -> 0 | AW6: =SUMIFS(произв!A4:A10000,произв!F4:F10000,L4,произв!G4:G10000,"да",произв!C4:C10000,">="&Данные!B2,произв!C4:C10000,"<="&Данные!C2)+SUMIFS(торг!A4:A10000,торг!F4:F10000,L4,торг!G4:G10000,"да",торг!C4:C10000,">="&Данные!B2,торг!C4:C10000,"<="&Данные!C2)+SUMIFS(склад!A4:A10000,склад!F4:F10000,L4,склад!G4:G10000,"да",склад!C4:C10000,">="&Данные!B2,склад!C4:C10000,"<="&Данные!C2)+SUMIFS('обр '!A4:A10000,'обр '!F4:F10000,L4,'обр '!G4:G10000,"да",'обр '!C4:C10000,">="&Данные!B2,'обр '!C4:C10000,"<="&Данные!C2)+SUMIFS(детс!A4:A10000,детс!F4:F10000,L4,детс!G4:G10000,"да",детс!C4:C10000,">="&Данные!B2,детс!C4:C10000,"<="&Данные!C2)+SUMIFS(культ!A4:A10000,культ!F4:F10000,L4,культ!G4:G10000,"да",культ!C4:C10000,">="&Данные!B2,культ!C4:C10000,"<="&Данные!C2)+SUMIFS(спорт!A4:A10000,спорт!F4:F10000,L4,спорт!G4:G10000,"да",спорт!C4:C10000,">="&Данные!B2,спорт!C4:C10000,"<="&Данные!C2)+SUMIFS(лечеб!A4:A10000,лечеб!F4:F10000,L4,лечеб!G4:G10000,"да",лечеб!C4:C10000,">="&Данные!B2,лечеб!C4:C10000,"<="&Данные!C2)+SUMIFS(Баня!A4:A10000,Баня!F4:F10000,L4,Баня!G4:G10000,"да",Баня!C4:C10000,">="&Данные!B2,Баня!C4:C10000,"<="&Данные!C2)+SUMIFS(Адм!A4:A10000,Адм!F4:F10000,L4,Адм!G4:G10000,"да",Адм!C4:C10000,">="&Данные!B2,Адм!C4:C10000,"<="&Данные!C2)+SUMIFS(С.Х!A4:A10000,С.Х!F4:F10000,L4,С.Х!G4:G10000,"да",С.Х!C4:C10000,">="&Данные!B2,С.Х!C4:C10000,"<="&Данные!C2)+SUMIFS(новостр!A4:A10000,новостр!F4:F10000,L4,новостр!G4:G10000,"да",новостр!C4:C10000,">="&Данные!B2,новостр!C4:C10000,"<="&Данные!C2)+SUMIFS(авт!A4:A10000,авт!F4:F10000,L4,авт!G4:G10000,"да",авт!C4:C10000,">="&Данные!B2,авт!C4:C10000,"<="&Данные!C2)+SUMIFS(ЖС!A4:A10000,ЖС!F4:F10000,L4,ЖС!G4:G10000,"да",ЖС!C4:C10000,">="&Данные!B2,ЖС!C4:C10000,"<="&Данные!C2)+SUMIFS(Лес!A5:A10000,Лес!F5:F10000,L4,Лес!G5:G10000,"да",Лес!C5:C10000,">="&Данные!B2,Лес!C5:C10000,"<="&Данные!C2)+SUMIFS('степь '!A5:A10000,'степь '!F5:F10000,L4,'степь '!G5:G10000,"да",'степь '!C5:C10000,">="&Данные!B2,'степь '!C5:C10000,"<="&Данные!C2)+SUMIFS(Пр.откр.тер!A4:A10000,Пр.откр.тер!F4:F10000,L4,Пр.откр.тер!G4:G10000,"да",Пр.откр.тер!C4:C10000,">="&Данные!B2,Пр.откр.тер!C4:C10000,"<="&Данные!C2) -> 0 | AX6: =SUMIFS(произв!A4:A10000,произв!F4:F10000,L4,произв!G4:G10000,"да",произв!C4:C10000,">="&Данные!B2,произв!C4:C10000,"<="&Данные!C2)+SUMIFS(торг!A4:A10000,торг!F4:F10000,L4,торг!G4:G10000,"да",торг!C4:C10000,">="&Данные!B2,торг!C4:C10000,"<="&Данные!C2)+SUMIFS(склад!A4:A10000,склад!F4:F10000,L4,склад!G4:G10000,"да",склад!C4:C10000,">="&Данные!B2,склад!C4:C10000,"<="&Данные!C2)+SUMIFS('обр '!A4:A10000,'обр '!F4:F10000,L4,'обр '!G4:G10000,"да",'обр '!C4:C10000,">="&Данные!B2,'обр '!C4:C10000,"<="&Данные!C2)+SUMIFS(детс!A4:A10000,детс!F4:F10000,L4,детс!G4:G10000,"да",детс!C4:C10000,">="&Данные!B2,детс!C4:C10000,"<="&Данные!C2)+SUMIFS(культ!A4:A10000,культ!F4:F10000,L4,культ!G4:G10000,"да",культ!C4:C10000,">="&Данные!B2,культ!C4:C10000,"<="&Данные!C2)+SUMIFS(спорт!A4:A10000,спорт!F4:F10000,L4,спорт!G4:G10000,"да",спорт!C4:C10000,">="&Данные!B2,спорт!C4:C10000,"<="&Данные!C2)+SUMIFS(лечеб!A4:A10000,лечеб!F4:F10000,L4,лечеб!G4:G10000,"да",лечеб!C4:C10000,">="&Данные!B2,лечеб!C4:C10000,"<="&Данные!C2)+SUMIFS(Баня!A4:A10000,Баня!F4:F10000,L4,Баня!G4:G10000,"да",Баня!C4:C10000,">="&Данные!B2,Баня!C4:C10000,"<="&Данные!C2)+SUMIFS(Адм!A4:A10000,Адм!F4:F10000,L4,Адм!G4:G10000,"да",Адм!C4:C10000,">="&Данные!B2,Адм!C4:C10000,"<="&Данные!C2)+SUMIFS(С.Х!A4:A10000,С.Х!F4:F10000,L4,С.Х!G4:G10000,"да",С.Х!C4:C10000,">="&Данные!B2,С.Х!C4:C10000,"<="&Данные!C2)+SUMIFS(новостр!A4:A10000,новостр!F4:F10000,L4,новостр!G4:G10000,"да",новостр!C4:C10000,">="&Данные!B2,новостр!C4:C10000,"<="&Данные!C2)+SUMIFS(авт!A4:A10000,авт!F4:F10000,L4,авт!G4:G10000,"да",авт!C4:C10000,">="&Данные!B2,авт!C4:C10000,"<="&Данные!C2)+SUMIFS(ЖС!A4:A10000,ЖС!F4:F10000,L4,ЖС!G4:G10000,"да",ЖС!C4:C10000,">="&Данные!B2,ЖС!C4:C10000,"<="&Данные!C2)+SUMIFS(Лес!A5:A10000,Лес!F5:F10000,L4,Лес!G5:G10000,"да",Лес!C5:C10000,">="&Данные!B2,Лес!C5:C10000,"<="&Данные!C2)+SUMIFS('степь '!A5:A10000,'степь '!F5:F10000,L4,'степь '!G5:G10000,"да",'степь '!C5:C10000,">="&Данные!B2,'степь '!C5:C10000,"<="&Данные!C2)+SUMIFS(Пр.откр.тер!A4:A10000,Пр.откр.тер!F4:F10000,L4,Пр.откр.тер!G4:G10000,"да",Пр.откр.тер!C4:C10000,">="&Данные!B2,Пр.откр.тер!C4:C10000,"<="&Данные!C2) -> 0 | AY6: =AZ6+BA6+BQ6 -> 0 | AZ6: =SUMIFS(произв!A4:A10000,произв!F4:F10000,L4,произв!G4:G10000,"да",произв!C4:C10000,">="&Данные!B2,произв!C4:C10000,"<="&Данные!C2)+SUMIFS(торг!A4:A10000,торг!F4:F10000,L4,торг!G4:G10000,"да",торг!C4:C10000,">="&Данные!B2,торг!C4:C10000,"<="&Данные!C2)+SUMIFS(склад!A4:A10000,склад!F4:F10000,L4,склад!G4:G10000,"да",склад!C4:C10000,">="&Данные!B2,склад!C4:C10000,"<="&Данные!C2)+SUMIFS('обр '!A4:A10000,'обр '!F4:F10000,L4,'обр '!G4:G10000,"да",'обр '!C4:C10000,">="&Данные!B2,'обр '!C4:C10000,"<="&Данные!C2)+SUMIFS(детс!A4:A10000,детс!F4:F10000,L4,детс!G4:G10000,"да",детс!C4:C10000,">="&Данные!B2,детс!C4:C10000,"<="&Данные!C2)+SUMIFS(культ!A4:A10000,культ!F4:F10000,L4,культ!G4:G10000,"да",культ!C4:C10000,">="&Данные!B2,культ!C4:C10000,"<="&Данные!C2)+SUMIFS(спорт!A4:A10000,спорт!F4:F10000,L4,спорт!G4:G10000,"да",спорт!C4:C10000,">="&Данные!B2,спорт!C4:C10000,"<="&Данные!C2)+SUMIFS(лечеб!A4:A10000,лечеб!F4:F10000,L4,лечеб!G4:G10000,"да",лечеб!C4:C10000,">="&Данные!B2,лечеб!C4:C10000,"<="&Данные!C2)+SUMIFS(Баня!A4:A10000,Баня!F4:F10000,L4,Баня!G4:G10000,"да",Баня!C4:C10000,">="&Данные!B2,Баня!C4:C10000,"<="&Данные!C2)+SUMIFS(Адм!A4:A10000,Адм!F4:F10000,L4,Адм!G4:G10000,"да",Адм!C4:C10000,">="&Данные!B2,Адм!C4:C10000,"<="&Данные!C2)+SUMIFS(С.Х!A4:A10000,С.Х!F4:F10000,L4,С.Х!G4:G10000,"да",С.Х!C4:C10000,">="&Данные!B2,С.Х!C4:C10000,"<="&Данные!C2)+SUMIFS(новостр!A4:A10000,новостр!F4:F10000,L4,новостр!G4:G10000,"да",новостр!C4:C10000,">="&Данные!B2,новостр!C4:C10000,"<="&Данные!C2)+SUMIFS(авт!A4:A10000,авт!F4:F10000,L4,авт!G4:G10000,"да",авт!C4:C10000,">="&Данные!B2,авт!C4:C10000,"<="&Данные!C2)+SUMIFS(ЖС!A4:A10000,ЖС!F4:F10000,L4,ЖС!G4:G10000,"да",ЖС!C4:C10000,">="&Данные!B2,ЖС!C4:C10000,"<="&Данные!C2)+SUMIFS(Лес!A5:A10000,Лес!F5:F10000,L4,Лес!G5:G10000,"да",Лес!C5:C10000,">="&Данные!B2,Лес!C5:C10000,"<="&Данные!C2)+SUMIFS('степь '!A5:A10000,'степь '!F5:F10000,L4,'степь '!G5:G10000,"да",'степь '!C5:C10000,">="&Данные!B2,'степь '!C5:C10000,"<="&Данные!C2)+SUMIFS(Пр.откр.тер!A4:A10000,Пр.откр.тер!F4:F10000,L4,Пр.откр.тер!G4:G10000,"да",Пр.откр.тер!C4:C10000,">="&Данные!B2,Пр.откр.тер!C4:C10000,"<="&Данные!C2) -> 0 | BA6: =SUMIFS(произв!A4:A10000,произв!F4:F10000,L4,произв!G4:G10000,"да",произв!C4:C10000,">="&Данные!B2,произв!C4:C10000,"<="&Данные!C2)+SUMIFS(торг!A4:A10000,торг!F4:F10000,L4,торг!G4:G10000,"да",торг!C4:C10000,">="&Данные!B2,торг!C4:C10000,"<="&Данные!C2)+SUMIFS(склад!A4:A10000,склад!F4:F10000,L4,склад!G4:G10000,"да",склад!C4:C10000,">="&Данные!B2,склад!C4:C10000,"<="&Данные!C2)+SUMIFS('обр '!A4:A10000,'обр '!F4:F10000,L4,'обр '!G4:G10000,"да",'обр '!C4:C10000,">="&Данные!B2,'обр '!C4:C10000,"<="&Данные!C2)+SUMIFS(детс!A4:A10000,детс!F4:F10000,L4,детс!G4:G10000,"да",детс!C4:C10000,">="&Данные!B2,детс!C4:C10000,"<="&Данные!C2)+SUMIFS(культ!A4:A10000,культ!F4:F10000,L4,культ!G4:G10000,"да",культ!C4:C10000,">="&Данные!B2,культ!C4:C10000,"<="&Данные!C2)+SUMIFS(спорт!A4:A10000,спорт!F4:F10000,L4,спорт!G4:G10000,"да",спорт!C4:C10000,">="&Данные!B2,спорт!C4:C10000,"<="&Данные!C2)+SUMIFS(лечеб!A4:A10000,лечеб!F4:F10000,L4,лечеб!G4:G10000,"да",лечеб!C4:C10000,">="&Данные!B2,лечеб!C4:C10000,"<="&Данные!C2)+SUMIFS(Баня!A4:A10000,Баня!F4:F10000,L4,Баня!G4:G10000,"да",Баня!C4:C10000,">="&Данные!B2,Баня!C4:C10000,"<="&Данные!C2)+SUMIFS(Адм!A4:A10000,Адм!F4:F10000,L4,Адм!G4:G10000,"да",Адм!C4:C10000,">="&Данные!B2,Адм!C4:C10000,"<="&Данные!C2)+SUMIFS(С.Х!A4:A10000,С.Х!F4:F10000,L4,С.Х!G4:G10000,"да",С.Х!C4:C10000,">="&Данные!B2,С.Х!C4:C10000,"<="&Данные!C2)+SUMIFS(новостр!A4:A10000,новостр!F4:F10000,L4,новостр!G4:G10000,"да",новостр!C4:C10000,">="&Данные!B2,новостр!C4:C10000,"<="&Данные!C2)+SUMIFS(авт!A4:A10000,авт!F4:F10000,L4,авт!G4:G10000,"да",авт!C4:C10000,">="&Данные!B2,авт!C4:C10000,"<="&Данные!C2)+SUMIFS(ЖС!A4:A10000,ЖС!F4:F10000,L4,ЖС!G4:G10000,"да",ЖС!C4:C10000,">="&Данные!B2,ЖС!C4:C10000,"<="&Данные!C2)+SUMIFS(Лес!A5:A10000,Лес!F5:F10000,L4,Лес!G5:G10000,"да",Лес!C5:C10000,">="&Данные!B2,Лес!C5:C10000,"<="&Данные!C2)+SUMIFS('степь '!A5:A10000,'степь '!F5:F10000,L4,'степь '!G5:G10000,"да",'степь '!C5:C10000,">="&Данные!B2,'степь '!C5:C10000,"<="&Данные!C2)+SUMIFS(Пр.откр.тер!A4:A10000,Пр.откр.тер!F4:F10000,L4,Пр.откр.тер!G4:G10000,"да",Пр.откр.тер!C4:C10000,">="&Данные!B2,Пр.откр.тер!C4:C10000,"<="&Данные!C2) -> 0 | BB6: =BC6+BD6 -> 0 | BC6: =SUMIFS(произв!A4:A10000,произв!F4:F10000,L4,произв!G4:G10000,"да",произв!C4:C10000,">="&Данные!B2,произв!C4:C10000,"<="&Данные!C2)+SUMIFS(торг!A4:A10000,торг!F4:F10000,L4,торг!G4:G10000,"да",торг!C4:C10000,">="&Данные!B2,торг!C4:C10000,"<="&Данные!C2)+SUMIFS(склад!A4:A10000,склад!F4:F10000,L4,склад!G4:G10000,"да",склад!C4:C10000,">="&Данные!B2,склад!C4:C10000,"<="&Данные!C2)+SUMIFS('обр '!A4:A10000,'обр '!F4:F10000,L4,'обр '!G4:G10000,"да",'обр '!C4:C10000,">="&Данные!B2,'обр '!C4:C10000,"<="&Данные!C2)+SUMIFS(детс!A4:A10000,детс!F4:F10000,L4,детс!G4:G10000,"да",детс!C4:C10000,">="&Данные!B2,детс!C4:C10000,"<="&Данные!C2)+SUMIFS(культ!A4:A10000,культ!F4:F10000,L4,культ!G4:G10000,"да",культ!C4:C10000,">="&Данные!B2,культ!C4:C10000,"<="&Данные!C2)+SUMIFS(спорт!A4:A10000,спорт!F4:F10000,L4,спорт!G4:G10000,"да",спорт!C4:C10000,">="&Данные!B2,спорт!C4:C10000,"<="&Данные!C2)+SUMIFS(лечеб!A4:A10000,лечеб!F4:F10000,L4,лечеб!G4:G10000,"да",лечеб!C4:C10000,">="&Данные!B2,лечеб!C4:C10000,"<="&Данные!C2)+SUMIFS(Баня!A4:A10000,Баня!F4:F10000,L4,Баня!G4:G10000,"да",Баня!C4:C10000,">="&Данные!B2,Баня!C4:C10000,"<="&Данные!C2)+SUMIFS(Адм!A4:A10000,Адм!F4:F10000,L4,Адм!G4:G10000,"да",Адм!C4:C10000,">="&Данные!B2,Адм!C4:C10000,"<="&Данные!C2)+SUMIFS(С.Х!A4:A10000,С.Х!F4:F10000,L4,С.Х!G4:G10000,"да",С.Х!C4:C10000,">="&Данные!B2,С.Х!C4:C10000,"<="&Данные!C2)+SUMIFS(новостр!A4:A10000,новостр!F4:F10000,L4,новостр!G4:G10000,"да",новостр!C4:C10000,">="&Данные!B2,новостр!C4:C10000,"<="&Данные!C2)+SUMIFS(авт!A4:A10000,авт!F4:F10000,L4,авт!G4:G10000,"да",авт!C4:C10000,">="&Данные!B2,авт!C4:C10000,"<="&Данные!C2)+SUMIFS(ЖС!A4:A10000,ЖС!F4:F10000,L4,ЖС!G4:G10000,"да",ЖС!C4:C10000,">="&Данные!B2,ЖС!C4:C10000,"<="&Данные!C2)+SUMIFS(Лес!A5:A10000,Лес!F5:F10000,L4,Лес!G5:G10000,"да",Лес!C5:C10000,">="&Данные!B2,Лес!C5:C10000,"<="&Данные!C2)+SUMIFS('степь '!A5:A10000,'степь '!F5:F10000,L4,'степь '!G5:G10000,"да",'степь '!C5:C10000,">="&Данные!B2,'степь '!C5:C10000,"<="&Данные!C2)+SUMIFS(Пр.откр.тер!A4:A10000,Пр.откр.тер!F4:F10000,L4,Пр.откр.тер!G4:G10000,"да",Пр.откр.тер!C4:C10000,">="&Данные!B2,Пр.откр.тер!C4:C10000,"<="&Данные!C2) -> 0 | BD6: =SUMIFS(произв!A4:A10000,произв!F4:F10000,L4,произв!G4:G10000,"да",произв!C4:C10000,">="&Данные!B2,произв!C4:C10000,"<="&Данные!C2)+SUMIFS(торг!A4:A10000,торг!F4:F10000,L4,торг!G4:G10000,"да",торг!C4:C10000,">="&Данные!B2,торг!C4:C10000,"<="&Данные!C2)+SUMIFS(склад!A4:A10000,склад!F4:F10000,L4,склад!G4:G10000,"да",склад!C4:C10000,">="&Данные!B2,склад!C4:C10000,"<="&Данные!C2)+SUMIFS('обр '!A4:A10000,'обр '!F4:F10000,L4,'обр '!G4:G10000,"да",'обр '!C4:C10000,">="&Данные!B2,'обр '!C4:C10000,"<="&Данные!C2)+SUMIFS(детс!A4:A10000,детс!F4:F10000,L4,детс!G4:G10000,"да",детс!C4:C10000,">="&Данные!B2,детс!C4:C10000,"<="&Данные!C2)+SUMIFS(культ!A4:A10000,культ!F4:F10000,L4,культ!G4:G10000,"да",культ!C4:C10000,">="&Данные!B2,культ!C4:C10000,"<="&Данные!C2)+SUMIFS(спорт!A4:A10000,спорт!F4:F10000,L4,спорт!G4:G10000,"да",спорт!C4:C10000,">="&Данные!B2,спорт!C4:C10000,"<="&Данные!C2)+SUMIFS(лечеб!A4:A10000,лечеб!F4:F10000,L4,лечеб!G4:G10000,"да",лечеб!C4:C10000,">="&Данные!B2,лечеб!C4:C10000,"<="&Данные!C2)+SUMIFS(Баня!A4:A10000,Баня!F4:F10000,L4,Баня!G4:G10000,"да",Баня!C4:C10000,">="&Данные!B2,Баня!C4:C10000,"<="&Данные!C2)+SUMIFS(Адм!A4:A10000,Адм!F4:F10000,L4,Адм!G4:G10000,"да",Адм!C4:C10000,">="&Данные!B2,Адм!C4:C10000,"<="&Данные!C2)+SUMIFS(С.Х!A4:A10000,С.Х!F4:F10000,L4,С.Х!G4:G10000,"да",С.Х!C4:C10000,">="&Данные!B2,С.Х!C4:C10000,"<="&Данные!C2)+SUMIFS(новостр!A4:A10000,новостр!F4:F10000,L4,новостр!G4:G10000,"да",новостр!C4:C10000,">="&Данные!B2,новостр!C4:C10000,"<="&Данные!C2)+SUMIFS(авт!A4:A10000,авт!F4:F10000,L4,авт!G4:G10000,"да",авт!C4:C10000,">="&Данные!B2,авт!C4:C10000,"<="&Данные!C2)+SUMIFS(ЖС!A4:A10000,ЖС!F4:F10000,L4,ЖС!G4:G10000,"да",ЖС!C4:C10000,">="&Данные!B2,ЖС!C4:C10000,"<="&Данные!C2)+SUMIFS(Лес!A5:A10000,Лес!F5:F10000,L4,Лес!G5:G10000,"да",Лес!C5:C10000,">="&Данные!B2,Лес!C5:C10000,"<="&Данные!C2)+SUMIFS('степь '!A5:A10000,'степь '!F5:F10000,L4,'степь '!G5:G10000,"да",'степь '!C5:C10000,">="&Данные!B2,'степь '!C5:C10000,"<="&Данные!C2)+SUMIFS(Пр.откр.тер!A4:A10000,Пр.откр.тер!F4:F10000,L4,Пр.откр.тер!G4:G10000,"да",Пр.откр.тер!C4:C10000,">="&Данные!B2,Пр.откр.тер!C4:C10000,"<="&Данные!C2) -> 0 | BE6: =BF6+BG6 -> 0 | BF6: =SUMIFS(произв!A4:A10000,произв!F4:F10000,L4,произв!G4:G10000,"да",произв!C4:C10000,">="&Данные!B2,произв!C4:C10000,"<="&Данные!C2)+SUMIFS(торг!A4:A10000,торг!F4:F10000,L4,торг!G4:G10000,"да",торг!C4:C10000,">="&Данные!B2,торг!C4:C10000,"<="&Данные!C2)+SUMIFS(склад!A4:A10000,склад!F4:F10000,L4,склад!G4:G10000,"да",склад!C4:C10000,">="&Данные!B2,склад!C4:C10000,"<="&Данные!C2)+SUMIFS('обр '!A4:A10000,'обр '!F4:F10000,L4,'обр '!G4:G10000,"да",'обр '!C4:C10000,">="&Данные!B2,'обр '!C4:C10000,"<="&Данные!C2)+SUMIFS(детс!A4:A10000,детс!F4:F10000,L4,детс!G4:G10000,"да",детс!C4:C10000,">="&Данные!B2,детс!C4:C10000,"<="&Данные!C2)+SUMIFS(культ!A4:A10000,культ!F4:F10000,L4,культ!G4:G10000,"да",культ!C4:C10000,">="&Данные!B2,культ!C4:C10000,"<="&Данные!C2)+SUMIFS(спорт!A4:A10000,спорт!F4:F10000,L4,спорт!G4:G10000,"да",спорт!C4:C10000,">="&Данные!B2,спорт!C4:C10000,"<="&Данные!C2)+SUMIFS(лечеб!A4:A10000,лечеб!F4:F10000,L4,лечеб!G4:G10000,"да",лечеб!C4:C10000,">="&Данные!B2,лечеб!C4:C10000,"<="&Данные!C2)+SUMIFS(Баня!A4:A10000,Баня!F4:F10000,L4,Баня!G4:G10000,"да",Баня!C4:C10000,">="&Данные!B2,Баня!C4:C10000,"<="&Данные!C2)+SUMIFS(Адм!A4:A10000,Адм!F4:F10000,L4,Адм!G4:G10000,"да",Адм!C4:C10000,">="&Данные!B2,Адм!C4:C10000,"<="&Данные!C2)+SUMIFS(С.Х!A4:A10000,С.Х!F4:F10000,L4,С.Х!G4:G10000,"да",С.Х!C4:C10000,">="&Данные!B2,С.Х!C4:C10000,"<="&Данные!C2)+SUMIFS(новостр!A4:A10000,новостр!F4:F10000,L4,новостр!G4:G10000,"да",новостр!C4:C10000,">="&Данные!B2,новостр!C4:C10000,"<="&Данные!C2)+SUMIFS(авт!A4:A10000,авт!F4:F10000,L4,авт!G4:G10000,"да",авт!C4:C10000,">="&Данные!B2,авт!C4:C10000,"<="&Данные!C2)+SUMIFS(ЖС!A4:A10000,ЖС!F4:F10000,L4,ЖС!G4:G10000,"да",ЖС!C4:C10000,">="&Данные!B2,ЖС!C4:C10000,"<="&Данные!C2)+SUMIFS(Лес!A5:A10000,Лес!F5:F10000,L4,Лес!G5:G10000,"да",Лес!C5:C10000,">="&Данные!B2,Лес!C5:C10000,"<="&Данные!C2)+SUMIFS('степь '!A5:A10000,'степь '!F5:F10000,L4,'степь '!G5:G10000,"да",'степь '!C5:C10000,">="&Данные!B2,'степь '!C5:C10000,"<="&Данные!C2)+SUMIFS(Пр.откр.тер!A4:A10000,Пр.откр.тер!F4:F10000,L4,Пр.откр.тер!G4:G10000,"да",Пр.откр.тер!C4:C10000,">="&Данные!B2,Пр.откр.тер!C4:C10000,"<="&Данные!C2) -> 0 | BG6: =SUMIFS(произв!A4:A10000,произв!F4:F10000,L4,произв!G4:G10000,"да",произв!C4:C10000,">="&Данные!B2,произв!C4:C10000,"<="&Данные!C2)+SUMIFS(торг!A4:A10000,торг!F4:F10000,L4,торг!G4:G10000,"да",торг!C4:C10000,">="&Данные!B2,торг!C4:C10000,"<="&Данные!C2)+SUMIFS(склад!A4:A10000,склад!F4:F10000,L4,склад!G4:G10000,"да",склад!C4:C10000,">="&Данные!B2,склад!C4:C10000,"<="&Данные!C2)+SUMIFS('обр '!A4:A10000,'обр '!F4:F10000,L4,'обр '!G4:G10000,"да",'обр '!C4:C10000,">="&Данные!B2,'обр '!C4:C10000,"<="&Данные!C2)+SUMIFS(детс!A4:A10000,детс!F4:F10000,L4,детс!G4:G10000,"да",детс!C4:C10000,">="&Данные!B2,детс!C4:C10000,"<="&Данные!C2)+SUMIFS(культ!A4:A10000,культ!F4:F10000,L4,культ!G4:G10000,"да",культ!C4:C10000,">="&Данные!B2,культ!C4:C10000,"<="&Данные!C2)+SUMIFS(спорт!A4:A10000,спорт!F4:F10000,L4,спорт!G4:G10000,"да",спорт!C4:C10000,">="&Данные!B2,спорт!C4:C10000,"<="&Данные!C2)+SUMIFS(лечеб!A4:A10000,лечеб!F4:F10000,L4,лечеб!G4:G10000,"да",лечеб!C4:C10000,">="&Данные!B2,лечеб!C4:C10000,"<="&Данные!C2)+SUMIFS(Баня!A4:A10000,Баня!F4:F10000,L4,Баня!G4:G10000,"да",Баня!C4:C10000,">="&Данные!B2,Баня!C4:C10000,"<="&Данные!C2)+SUMIFS(Адм!A4:A10000,Адм!F4:F10000,L4,Адм!G4:G10000,"да",Адм!C4:C10000,">="&Данные!B2,Адм!C4:C10000,"<="&Данные!C2)+SUMIFS(С.Х!A4:A10000,С.Х!F4:F10000,L4,С.Х!G4:G10000,"да",С.Х!C4:C10000,">="&Данные!B2,С.Х!C4:C10000,"<="&Данные!C2)+SUMIFS(новостр!A4:A10000,новостр!F4:F10000,L4,новостр!G4:G10000,"да",новостр!C4:C10000,">="&Данные!B2,новостр!C4:C10000,"<="&Данные!C2)+SUMIFS(авт!A4:A10000,авт!F4:F10000,L4,авт!G4:G10000,"да",авт!C4:C10000,">="&Данные!B2,авт!C4:C10000,"<="&Данные!C2)+SUMIFS(ЖС!A4:A10000,ЖС!F4:F10000,L4,ЖС!G4:G10000,"да",ЖС!C4:C10000,">="&Данные!B2,ЖС!C4:C10000,"<="&Данные!C2)+SUMIFS(Лес!A5:A10000,Лес!F5:F10000,L4,Лес!G5:G10000,"да",Лес!C5:C10000,">="&Данные!B2,Лес!C5:C10000,"<="&Данные!C2)+SUMIFS('степь '!A5:A10000,'степь '!F5:F10000,L4,'степь '!G5:G10000,"да",'степь '!C5:C10000,">="&Данные!B2,'степь '!C5:C10000,"<="&Данные!C2)+SUMIFS(Пр.откр.тер!A4:A10000,Пр.откр.тер!F4:F10000,L4,Пр.откр.тер!G4:G10000,"да",Пр.откр.тер!C4:C10000,">="&Данные!B2,Пр.откр.тер!C4:C10000,"<="&Данные!C2) -> 0 | BH6: =BI6+BJ6 -> 0 | BI6: =SUMIFS(произв!A4:A10000,произв!F4:F10000,L4,произв!G4:G10000,"да",произв!C4:C10000,">="&Данные!B2,произв!C4:C10000,"<="&Данные!C2)+SUMIFS(торг!A4:A10000,торг!F4:F10000,L4,торг!G4:G10000,"да",торг!C4:C10000,">="&Данные!B2,торг!C4:C10000,"<="&Данные!C2)+SUMIFS(склад!A4:A10000,склад!F4:F10000,L4,склад!G4:G10000,"да",склад!C4:C10000,">="&Данные!B2,склад!C4:C10000,"<="&Данные!C2)+SUMIFS('обр '!A4:A10000,'обр '!F4:F10000,L4,'обр '!G4:G10000,"да",'обр '!C4:C10000,">="&Данные!B2,'обр '!C4:C10000,"<="&Данные!C2)+SUMIFS(детс!A4:A10000,детс!F4:F10000,L4,детс!G4:G10000,"да",детс!C4:C10000,">="&Данные!B2,детс!C4:C10000,"<="&Данные!C2)+SUMIFS(культ!A4:A10000,культ!F4:F10000,L4,культ!G4:G10000,"да",культ!C4:C10000,">="&Данные!B2,культ!C4:C10000,"<="&Данные!C2)+SUMIFS(спорт!A4:A10000,спорт!F4:F10000,L4,спорт!G4:G10000,"да",спорт!C4:C10000,">="&Данные!B2,спорт!C4:C10000,"<="&Данные!C2)+SUMIFS(лечеб!A4:A10000,лечеб!F4:F10000,L4,лечеб!G4:G10000,"да",лечеб!C4:C10000,">="&Данные!B2,лечеб!C4:C10000,"<="&Данные!C2)+SUMIFS(Баня!A4:A10000,Баня!F4:F10000,L4,Баня!G4:G10000,"да",Баня!C4:C10000,">="&Данные!B2,Баня!C4:C10000,"<="&Данные!C2)+SUMIFS(Адм!A4:A10000,Адм!F4:F10000,L4,Адм!G4:G10000,"да",Адм!C4:C10000,">="&Данные!B2,Адм!C4:C10000,"<="&Данные!C2)+SUMIFS(С.Х!A4:A10000,С.Х!F4:F10000,L4,С.Х!G4:G10000,"да",С.Х!C4:C10000,">="&Данные!B2,С.Х!C4:C10000,"<="&Данные!C2)+SUMIFS(новостр!A4:A10000,новостр!F4:F10000,L4,новостр!G4:G10000,"да",новостр!C4:C10000,">="&Данные!B2,новостр!C4:C10000,"<="&Данные!C2)+SUMIFS(авт!A4:A10000,авт!F4:F10000,L4,авт!G4:G10000,"да",авт!C4:C10000,">="&Данные!B2,авт!C4:C10000,"<="&Данные!C2)+SUMIFS(ЖС!A4:A10000,ЖС!F4:F10000,L4,ЖС!G4:G10000,"да",ЖС!C4:C10000,">="&Данные!B2,ЖС!C4:C10000,"<="&Данные!C2)+SUMIFS(Лес!A5:A10000,Лес!F5:F10000,L4,Лес!G5:G10000,"да",Лес!C5:C10000,">="&Данные!B2,Лес!C5:C10000,"<="&Данные!C2)+SUMIFS('степь '!A5:A10000,'степь '!F5:F10000,L4,'степь '!G5:G10000,"да",'степь '!C5:C10000,">="&Данные!B2,'степь '!C5:C10000,"<="&Данные!C2)+SUMIFS(Пр.откр.тер!A4:A10000,Пр.откр.тер!F4:F10000,L4,Пр.откр.тер!G4:G10000,"да",Пр.откр.тер!C4:C10000,">="&Данные!B2,Пр.откр.тер!C4:C10000,"<="&Данные!C2) -> 0 | BJ6: =SUMIFS(произв!A4:A10000,произв!F4:F10000,L4,произв!G4:G10000,"да",произв!C4:C10000,">="&Данные!B2,произв!C4:C10000,"<="&Данные!C2)+SUMIFS(торг!A4:A10000,торг!F4:F10000,L4,торг!G4:G10000,"да",торг!C4:C10000,">="&Данные!B2,торг!C4:C10000,"<="&Данные!C2)+SUMIFS(склад!A4:A10000,склад!F4:F10000,L4,склад!G4:G10000,"да",склад!C4:C10000,">="&Данные!B2,склад!C4:C10000,"<="&Данные!C2)+SUMIFS('обр '!A4:A10000,'обр '!F4:F10000,L4,'обр '!G4:G10000,"да",'обр '!C4:C10000,">="&Данные!B2,'обр '!C4:C10000,"<="&Данные!C2)+SUMIFS(детс!A4:A10000,детс!F4:F10000,L4,детс!G4:G10000,"да",детс!C4:C10000,">="&Данные!B2,детс!C4:C10000,"<="&Данные!C2)+SUMIFS(культ!A4:A10000,культ!F4:F10000,L4,культ!G4:G10000,"да",культ!C4:C10000,">="&Данные!B2,культ!C4:C10000,"<="&Данные!C2)+SUMIFS(спорт!A4:A10000,спорт!F4:F10000,L4,спорт!G4:G10000,"да",спорт!C4:C10000,">="&Данные!B2,спорт!C4:C10000,"<="&Данные!C2)+SUMIFS(лечеб!A4:A10000,лечеб!F4:F10000,L4,лечеб!G4:G10000,"да",лечеб!C4:C10000,">="&Данные!B2,лечеб!C4:C10000,"<="&Данные!C2)+SUMIFS(Баня!A4:A10000,Баня!F4:F10000,L4,Баня!G4:G10000,"да",Баня!C4:C10000,">="&Данные!B2,Баня!C4:C10000,"<="&Данные!C2)+SUMIFS(Адм!A4:A10000,Адм!F4:F10000,L4,Адм!G4:G10000,"да",Адм!C4:C10000,">="&Данные!B2,Адм!C4:C10000,"<="&Данные!C2)+SUMIFS(С.Х!A4:A10000,С.Х!F4:F10000,L4,С.Х!G4:G10000,"да",С.Х!C4:C10000,">="&Данные!B2,С.Х!C4:C10000,"<="&Данные!C2)+SUMIFS(новостр!A4:A10000,новостр!F4:F10000,L4,новостр!G4:G10000,"да",новостр!C4:C10000,">="&Данные!B2,новостр!C4:C10000,"<="&Данные!C2)+SUMIFS(авт!A4:A10000,авт!F4:F10000,L4,авт!G4:G10000,"да",авт!C4:C10000,">="&Данные!B2,авт!C4:C10000,"<="&Данные!C2)+SUMIFS(ЖС!A4:A10000,ЖС!F4:F10000,L4,ЖС!G4:G10000,"да",ЖС!C4:C10000,">="&Данные!B2,ЖС!C4:C10000,"<="&Данные!C2)+SUMIFS(Лес!A5:A10000,Лес!F5:F10000,L4,Лес!G5:G10000,"да",Лес!C5:C10000,">="&Данные!B2,Лес!C5:C10000,"<="&Данные!C2)+SUMIFS('степь '!A5:A10000,'степь '!F5:F10000,L4,'степь '!G5:G10000,"да",'степь '!C5:C10000,">="&Данные!B2,'степь '!C5:C10000,"<="&Данные!C2)+SUMIFS(Пр.откр.тер!A4:A10000,Пр.откр.тер!F4:F10000,L4,Пр.откр.тер!G4:G10000,"да",Пр.откр.тер!C4:C10000,">="&Данные!B2,Пр.откр.тер!C4:C10000,"<="&Данные!C2) -> 0 | BK6: =BL6+BM6 -> 0 | BL6: =SUMIFS(произв!A4:A10000,произв!F4:F10000,L4,произв!G4:G10000,"да",произв!C4:C10000,">="&Данные!B2,произв!C4:C10000,"<="&Данные!C2)+SUMIFS(торг!A4:A10000,торг!F4:F10000,L4,торг!G4:G10000,"да",торг!C4:C10000,">="&Данные!B2,торг!C4:C10000,"<="&Данные!C2)+SUMIFS(склад!A4:A10000,склад!F4:F10000,L4,склад!G4:G10000,"да",склад!C4:C10000,">="&Данные!B2,склад!C4:C10000,"<="&Данные!C2)+SUMIFS('обр '!A4:A10000,'обр '!F4:F10000,L4,'обр '!G4:G10000,"да",'обр '!C4:C10000,">="&Данные!B2,'обр '!C4:C10000,"<="&Данные!C2)+SUMIFS(детс!A4:A10000,детс!F4:F10000,L4,детс!G4:G10000,"да",детс!C4:C10000,">="&Данные!B2,детс!C4:C10000,"<="&Данные!C2)+SUMIFS(культ!A4:A10000,культ!F4:F10000,L4,культ!G4:G10000,"да",культ!C4:C10000,">="&Данные!B2,культ!C4:C10000,"<="&Данные!C2)+SUMIFS(спорт!A4:A10000,спорт!F4:F10000,L4,спорт!G4:G10000,"да",спорт!C4:C10000,">="&Данные!B2,спорт!C4:C10000,"<="&Данные!C2)+SUMIFS(лечеб!A4:A10000,лечеб!F4:F10000,L4,лечеб!G4:G10000,"да",лечеб!C4:C10000,">="&Данные!B2,лечеб!C4:C10000,"<="&Данные!C2)+SUMIFS(Баня!A4:A10000,Баня!F4:F10000,L4,Баня!G4:G10000,"да",Баня!C4:C10000,">="&Данные!B2,Баня!C4:C10000,"<="&Данные!C2)+SUMIFS(Адм!A4:A10000,Адм!F4:F10000,L4,Адм!G4:G10000,"да",Адм!C4:C10000,">="&Данные!B2,Адм!C4:C10000,"<="&Данные!C2)+SUMIFS(С.Х!A4:A10000,С.Х!F4:F10000,L4,С.Х!G4:G10000,"да",С.Х!C4:C10000,">="&Данные!B2,С.Х!C4:C10000,"<="&Данные!C2)+SUMIFS(новостр!A4:A10000,новостр!F4:F10000,L4,новостр!G4:G10000,"да",новостр!C4:C10000,">="&Данные!B2,новостр!C4:C10000,"<="&Данные!C2)+SUMIFS(авт!A4:A10000,авт!F4:F10000,L4,авт!G4:G10000,"да",авт!C4:C10000,">="&Данные!B2,авт!C4:C10000,"<="&Данные!C2)+SUMIFS(ЖС!A4:A10000,ЖС!F4:F10000,L4,ЖС!G4:G10000,"да",ЖС!C4:C10000,">="&Данные!B2,ЖС!C4:C10000,"<="&Данные!C2)+SUMIFS(Лес!A5:A10000,Лес!F5:F10000,L4,Лес!G5:G10000,"да",Лес!C5:C10000,">="&Данные!B2,Лес!C5:C10000,"<="&Данные!C2)+SUMIFS('степь '!A5:A10000,'степь '!F5:F10000,L4,'степь '!G5:G10000,"да",'степь '!C5:C10000,">="&Данные!B2,'степь '!C5:C10000,"<="&Данные!C2)+SUMIFS(Пр.откр.тер!A4:A10000,Пр.откр.тер!F4:F10000,L4,Пр.откр.тер!G4:G10000,"да",Пр.откр.тер!C4:C10000,">="&Данные!B2,Пр.откр.тер!C4:C10000,"<="&Данные!C2) -> 0 | BM6: =SUMIFS(произв!A4:A10000,произв!F4:F10000,L4,произв!G4:G10000,"да",произв!C4:C10000,">="&Данные!B2,произв!C4:C10000,"<="&Данные!C2)+SUMIFS(торг!A4:A10000,торг!F4:F10000,L4,торг!G4:G10000,"да",торг!C4:C10000,">="&Данные!B2,торг!C4:C10000,"<="&Данные!C2)+SUMIFS(склад!A4:A10000,склад!F4:F10000,L4,склад!G4:G10000,"да",склад!C4:C10000,">="&Данные!B2,склад!C4:C10000,"<="&Данные!C2)+SUMIFS('обр '!A4:A10000,'обр '!F4:F10000,L4,'обр '!G4:G10000,"да",'обр '!C4:C10000,">="&Данные!B2,'обр '!C4:C10000,"<="&Данные!C2)+SUMIFS(детс!A4:A10000,детс!F4:F10000,L4,детс!G4:G10000,"да",детс!C4:C10000,">="&Данные!B2,детс!C4:C10000,"<="&Данные!C2)+SUMIFS(культ!A4:A10000,культ!F4:F10000,L4,культ!G4:G10000,"да",культ!C4:C10000,">="&Данные!B2,культ!C4:C10000,"<="&Данные!C2)+SUMIFS(спорт!A4:A10000,спорт!F4:F10000,L4,спорт!G4:G10000,"да",спорт!C4:C10000,">="&Данные!B2,спорт!C4:C10000,"<="&Данные!C2)+SUMIFS(лечеб!A4:A10000,лечеб!F4:F10000,L4,лечеб!G4:G10000,"да",лечеб!C4:C10000,">="&Данные!B2,лечеб!C4:C10000,"<="&Данные!C2)+SUMIFS(Баня!A4:A10000,Баня!F4:F10000,L4,Баня!G4:G10000,"да",Баня!C4:C10000,">="&Данные!B2,Баня!C4:C10000,"<="&Данные!C2)+SUMIFS(Адм!A4:A10000,Адм!F4:F10000,L4,Адм!G4:G10000,"да",Адм!C4:C10000,">="&Данные!B2,Адм!C4:C10000,"<="&Данные!C2)+SUMIFS(С.Х!A4:A10000,С.Х!F4:F10000,L4,С.Х!G4:G10000,"да",С.Х!C4:C10000,">="&Данные!B2,С.Х!C4:C10000,"<="&Данные!C2)+SUMIFS(новостр!A4:A10000,новостр!F4:F10000,L4,новостр!G4:G10000,"да",новостр!C4:C10000,">="&Данные!B2,новостр!C4:C10000,"<="&Данные!C2)+SUMIFS(авт!A4:A10000,авт!F4:F10000,L4,авт!G4:G10000,"да",авт!C4:C10000,">="&Данные!B2,авт!C4:C10000,"<="&Данные!C2)+SUMIFS(ЖС!A4:A10000,ЖС!F4:F10000,L4,ЖС!G4:G10000,"да",ЖС!C4:C10000,">="&Данные!B2,ЖС!C4:C10000,"<="&Данные!C2)+SUMIFS(Лес!A5:A10000,Лес!F5:F10000,L4,Лес!G5:G10000,"да",Лес!C5:C10000,">="&Данные!B2,Лес!C5:C10000,"<="&Данные!C2)+SUMIFS('степь '!A5:A10000,'степь '!F5:F10000,L4,'степь '!G5:G10000,"да",'степь '!C5:C10000,">="&Данные!B2,'степь '!C5:C10000,"<="&Данные!C2)+SUMIFS(Пр.откр.тер!A4:A10000,Пр.откр.тер!F4:F10000,L4,Пр.откр.тер!G4:G10000,"да",Пр.откр.тер!C4:C10000,">="&Данные!B2,Пр.откр.тер!C4:C10000,"<="&Данные!C2) -> 0 | BN6: =BO6+BP6 -> 0 | BO6: =SUMIFS(произв!A4:A10000,произв!F4:F10000,L4,произв!G4:G10000,"да",произв!C4:C10000,">="&Данные!B2,произв!C4:C10000,"<="&Данные!C2)+SUMIFS(торг!A4:A10000,торг!F4:F10000,L4,торг!G4:G10000,"да",торг!C4:C10000,">="&Данные!B2,торг!C4:C10000,"<="&Данные!C2)+SUMIFS(склад!A4:A10000,склад!F4:F10000,L4,склад!G4:G10000,"да",склад!C4:C10000,">="&Данные!B2,склад!C4:C10000,"<="&Данные!C2)+SUMIFS('обр '!A4:A10000,'обр '!F4:F10000,L4,'обр '!G4:G10000,"да",'обр '!C4:C10000,">="&Данные!B2,'обр '!C4:C10000,"<="&Данные!C2)+SUMIFS(детс!A4:A10000,детс!F4:F10000,L4,детс!G4:G10000,"да",детс!C4:C10000,">="&Данные!B2,детс!C4:C10000,"<="&Данные!C2)+SUMIFS(культ!A4:A10000,культ!F4:F10000,L4,культ!G4:G10000,"да",культ!C4:C10000,">="&Данные!B2,культ!C4:C10000,"<="&Данные!C2)+SUMIFS(спорт!A4:A10000,спорт!F4:F10000,L4,спорт!G4:G10000,"да",спорт!C4:C10000,">="&Данные!B2,спорт!C4:C10000,"<="&Данные!C2)+SUMIFS(лечеб!A4:A10000,лечеб!F4:F10000,L4,лечеб!G4:G10000,"да",лечеб!C4:C10000,">="&Данные!B2,лечеб!C4:C10000,"<="&Данные!C2)+SUMIFS(Баня!A4:A10000,Баня!F4:F10000,L4,Баня!G4:G10000,"да",Баня!C4:C10000,">="&Данные!B2,Баня!C4:C10000,"<="&Данные!C2)+SUMIFS(Адм!A4:A10000,Адм!F4:F10000,L4,Адм!G4:G10000,"да",Адм!C4:C10000,">="&Данные!B2,Адм!C4:C10000,"<="&Данные!C2)+SUMIFS(С.Х!A4:A10000,С.Х!F4:F10000,L4,С.Х!G4:G10000,"да",С.Х!C4:C10000,">="&Данные!B2,С.Х!C4:C10000,"<="&Данные!C2)+SUMIFS(новостр!A4:A10000,новостр!F4:F10000,L4,новостр!G4:G10000,"да",новостр!C4:C10000,">="&Данные!B2,новостр!C4:C10000,"<="&Данные!C2)+SUMIFS(авт!A4:A10000,авт!F4:F10000,L4,авт!G4:G10000,"да",авт!C4:C10000,">="&Данные!B2,авт!C4:C10000,"<="&Данные!C2)+SUMIFS(ЖС!A4:A10000,ЖС!F4:F10000,L4,ЖС!G4:G10000,"да",ЖС!C4:C10000,">="&Данные!B2,ЖС!C4:C10000,"<="&Данные!C2)+SUMIFS(Лес!A5:A10000,Лес!F5:F10000,L4,Лес!G5:G10000,"да",Лес!C5:C10000,">="&Данные!B2,Лес!C5:C10000,"<="&Данные!C2)+SUMIFS('степь '!A5:A10000,'степь '!F5:F10000,L4,'степь '!G5:G10000,"да",'степь '!C5:C10000,">="&Данные!B2,'степь '!C5:C10000,"<="&Данные!C2)+SUMIFS(Пр.откр.тер!A4:A10000,Пр.откр.тер!F4:F10000,L4,Пр.откр.тер!G4:G10000,"да",Пр.откр.тер!C4:C10000,">="&Данные!B2,Пр.откр.тер!C4:C10000,"<="&Данные!C2) -> 0 | BP6: =SUMIFS(произв!A4:A10000,произв!F4:F10000,L4,произв!G4:G10000,"да",произв!C4:C10000,">="&Данные!B2,произв!C4:C10000,"<="&Данные!C2)+SUMIFS(торг!A4:A10000,торг!F4:F10000,L4,торг!G4:G10000,"да",торг!C4:C10000,">="&Данные!B2,торг!C4:C10000,"<="&Данные!C2)+SUMIFS(склад!A4:A10000,склад!F4:F10000,L4,склад!G4:G10000,"да",склад!C4:C10000,">="&Данные!B2,склад!C4:C10000,"<="&Данные!C2)+SUMIFS('обр '!A4:A10000,'обр '!F4:F10000,L4,'обр '!G4:G10000,"да",'обр '!C4:C10000,">="&Данные!B2,'обр '!C4:C10000,"<="&Данные!C2)+SUMIFS(детс!A4:A10000,детс!F4:F10000,L4,детс!G4:G10000,"да",детс!C4:C10000,">="&Данные!B2,детс!C4:C10000,"<="&Данные!C2)+SUMIFS(культ!A4:A10000,культ!F4:F10000,L4,культ!G4:G10000,"да",культ!C4:C10000,">="&Данные!B2,культ!C4:C10000,"<="&Данные!C2)+SUMIFS(спорт!A4:A10000,спорт!F4:F10000,L4,спорт!G4:G10000,"да",спорт!C4:C10000,">="&Данные!B2,спорт!C4:C10000,"<="&Данные!C2)+SUMIFS(лечеб!A4:A10000,лечеб!F4:F10000,L4,лечеб!G4:G10000,"да",лечеб!C4:C10000,">="&Данные!B2,лечеб!C4:C10000,"<="&Данные!C2)+SUMIFS(Баня!A4:A10000,Баня!F4:F10000,L4,Баня!G4:G10000,"да",Баня!C4:C10000,">="&Данные!B2,Баня!C4:C10000,"<="&Данные!C2)+SUMIFS(Адм!A4:A10000,Адм!F4:F10000,L4,Адм!G4:G10000,"да",Адм!C4:C10000,">="&Данные!B2,Адм!C4:C10000,"<="&Данные!C2)+SUMIFS(С.Х!A4:A10000,С.Х!F4:F10000,L4,С.Х!G4:G10000,"да",С.Х!C4:C10000,">="&Данные!B2,С.Х!C4:C10000,"<="&Данные!C2)+SUMIFS(новостр!A4:A10000,новостр!F4:F10000,L4,новостр!G4:G10000,"да",новостр!C4:C10000,">="&Данные!B2,новостр!C4:C10000,"<="&Данные!C2)+SUMIFS(авт!A4:A10000,авт!F4:F10000,L4,авт!G4:G10000,"да",авт!C4:C10000,">="&Данные!B2,авт!C4:C10000,"<="&Данные!C2)+SUMIFS(ЖС!A4:A10000,ЖС!F4:F10000,L4,ЖС!G4:G10000,"да",ЖС!C4:C10000,">="&Данные!B2,ЖС!C4:C10000,"<="&Данные!C2)+SUMIFS(Лес!A5:A10000,Лес!F5:F10000,L4,Лес!G5:G10000,"да",Лес!C5:C10000,">="&Данные!B2,Лес!C5:C10000,"<="&Данные!C2)+SUMIFS('степь '!A5:A10000,'степь '!F5:F10000,L4,'степь '!G5:G10000,"да",'степь '!C5:C10000,">="&Данные!B2,'степь '!C5:C10000,"<="&Данные!C2)+SUMIFS(Пр.откр.тер!A4:A10000,Пр.откр.тер!F4:F10000,L4,Пр.откр.тер!G4:G10000,"да",Пр.откр.тер!C4:C10000,">="&Данные!B2,Пр.откр.тер!C4:C10000,"<="&Данные!C2) -> 0
A7: 2 | B7: Сумма ущерба (тысяч тенге) | C7: =BE7+BH7+BB7+AV7+BK7+BN7+AS7+AM7+U7+AD7+AG7+AA7+AJ7+R7+X7+O7+L7+AP7+AY7 -> 20277.4 | D7: =BF7+BI7+BC7+AW7+BL7+BO7+AT7+AN7+V7+AE7+AH7+AB7+AK7+S7+Y7+P7+M7+AQ7+AZ7 -> 14180 | E7: =BG7+BJ7+BD7+AX7+BM7+BP7+AU7+AO7+W7+AF7+AI7+AC7+AL7+T7+Z7+Q7+N7+AR7+BA7 -> 6097.4 | F7: 3692.4 | G7: 1995 | H7: 1697.4 | I7: =SUM(J7:K7) -> 1 | J7: =D7/C7*100% -> 0.6993007 | K7: =E7/C7*100% -> 0.3006993 | L7: =M7+N7 -> 0 | M7: =ущерб!D4 -> 0 | N7: =ущерб!E4 -> 0 | O7: =P7+Q7 -> 12310 | P7: =ущерб!D5 -> 10500 | Q7: =ущерб!E5 -> 1810 | R7: =S7+T7 -> 10 | S7: =ущерб!D6 -> 0 | T7: =ущерб!E6 -> 10 | U7: =V7+W7 -> 3270 | V7: =ущерб!D7 -> 2090 | W7: =ущерб!E7 -> 1180 | X7: =Y7+Z7 -> 1682.4 | Y7: =ущерб!D8 -> 0 | Z7: =ущерб!E8 -> 1682.4 | AA7: =AB7+AC7 -> 0 | AB7: =ущерб!D9 -> 0 | AC7: =ущерб!E9 -> 0 | AD7: =AE7+AF7 -> 0 | AE7: =ущерб!D10 -> 0 | AF7: =ущерб!E10 -> 0 | AG7: =AH7+AI7 -> 0 | AH7: =ущерб!D11 -> 0 | AI7: =ущерб!E11 -> 0 | AJ7: =AK7+AL7 -> 0 | AK7: =ущерб!D12 -> 0 | AL7: =ущерб!E12 -> 0 | AM7: =AN7+AO7 -> 1255 | AN7: =ущерб!D13 -> 0 | AO7: =ущерб!E13 -> 1255 | AP7: =AQ7+AR7 -> 0 | AQ7: =ущерб!D14 -> 0 | AR7: =ущерб!E14 -> 0 | AS7: =AT7+AU7 -> 600 | AT7: =ущерб!D15 -> 600 | AU7: =ущерб!E15 -> 0 | AV7: =AW7+AX7 -> 150 | AW7: =ущерб!D16 -> 0 | AX7: =ущерб!E16 -> 150 | AY7: =AZ7+BA7 -> 95 | AZ7: =ущерб!D17 -> 85 | BA7: =ущерб!E17 -> 10 | BB7: =BC7+BD7 -> 0 | BC7: =ущерб!D18 -> 0 | BD7: =ущерб!E18 -> 0 | BE7: =BF7+BG7 -> 0 | BF7: =ущерб!D19 -> 0 | BG7: =ущерб!E19 -> 0 | BH7: =BI7+BJ7 -> 0 | BI7: =ущерб!D20 -> 0 | BJ7: =ущерб!E20 -> 0 | BK7: =BL7+BM7 -> 805 | BL7: =ущерб!D21 -> 805 | BM7: =ущерб!E21 -> 0 | BN7: =BO7+BP7 -> 100 | BO7: =ущерб!D22 -> 100 | BP7: =ущерб!E22 -> 0
A8: 3 | B8: Гибель людей (всего) из них: | C8: =BE8+BH8+BB8+AV8+BK8+BN8+AS8+AM8+U8+AD8+AG8+AA8+AJ8+R8+X8+O8+L8+AP8+AY8 -> 7 | D8: =BF8+BI8+BC8+AW8+BL8+BO8+AT8+AN8+V8+AE8+AH8+AB8+AK8+S8+Y8+P8+M8+AQ8+AZ8 -> 1 | E8: =BG8+BJ8+BD8+AX8+BM8+BP8+AU8+AO8+W8+AF8+AI8+AC8+AL8+T8+Z8+Q8+N8+AR8+BA8 -> 6 | F8: 4 | G8: 1 | H8: 3 | I8: =SUM(J8:K8) -> 1 | J8: =D8/C8*100% -> 0.14285714 | K8: =E8/C8*100% -> 0.85714286 | L8: =M8+N8 -> 0 | M8: =SUMIFS(Гиб.!O5:O9995,Гиб.!E5:E9995,"Аксуский",Гиб.!F5:F9995,"да") -> 0 | N8: =SUMIFS(Гиб.!O5:O9995,Гиб.!E5:E9995,"Аксуский",Гиб.!F5:F9995,"нет") -> 0 | O8: =P8+Q8 -> 2 | P8: =SUMIFS(Гиб.!O5:O9995,Гиб.!E5:E9995,"Алакольский",Гиб.!F5:F9995,"да") -> 0 | Q8: =SUMIFS(Гиб.!O5:O9995,Гиб.!E5:E9995,"Алакольский",Гиб.!F5:F9995,"нет") -> 2 | R8: =S8+T8 -> 0 | S8: =SUMIFS(Гиб.!O5:O9995,Гиб.!E5:E9995,"Балхашский",Гиб.!F5:F9995,"да") -> 0 | T8: =SUMIFS(Гиб.!O5:O9995,Гиб.!E5:E9995,"Балхашский",Гиб.!F5:F9995,"нет") -> 0 | U8: =V8+W8 -> 1 | V8: =SUMIFS(Гиб.!O5:O9995,Гиб.!E5:E9995,"Енбекшиказахский",Гиб.!F5:F9995,"да") -> 0 | W8: =SUMIFS(Гиб.!O5:O9995,Гиб.!E5:E9995,"Енбекшиказахский",Гиб.!F5:F9995,"нет") -> 1 | X8: =Y8+Z8 -> 0 | Y8: =SUMIFS(Гиб.!O5:O9995,Гиб.!E5:E9995,"Ескельдинский",Гиб.!F5:F9995,"да") -> 0 | Z8: =SUMIFS(Гиб.!O5:O9995,Гиб.!E5:E9995,"Ескельдинский",Гиб.!F5:F9995,"нет") -> 0 | AA8: =AB8+AC8 -> 0 | AB8: =SUMIFS(Гиб.!O5:O9995,Гиб.!E5:E9995,"Жамбылский",Гиб.!F5:F9995,"да") -> 0 | AC8: =SUMIFS(Гиб.!O5:O9995,Гиб.!E5:E9995,"Жамбылский",Гиб.!F5:F9995,"нет") -> 0 | AD8: =AE8+AF8 -> 0 | AE8: =SUMIFS(Гиб.!O5:O9995,Гиб.!E5:E9995,"Илийский",Гиб.!F5:F9995,"да") -> 0 | AF8: =SUMIFS(Гиб.!O5:O9995,Гиб.!E5:E9995,"Илийский",Гиб.!F5:F9995,"нет") -> 0 | AG8: =AH8+AI8 -> 0 | AH8: =SUMIFS(Гиб.!O5:O9995,Гиб.!E5:E9995,"Карасайский",Гиб.!F5:F9995,"да") -> 0 | AI8: =SUMIFS(Гиб.!O5:O9995,Гиб.!E5:E9995,"Карасайский",Гиб.!F5:F9995,"нет") -> 0 | AJ8: =AK8+AL8 -> 0 | AK8: =SUMIFS(Гиб.!O5:O9995,Гиб.!E5:E9995,"Каратальский",Гиб.!F5:F9995,"да") -> 0 | AL8: =SUMIFS(Гиб.!O5:O9995,Гиб.!E5:E9995,"Каратальский",Гиб.!F5:F9995,"нет") -> 0 | AM8: =AN8+AO8 -> 0 | AN8: =SUMIFS(Гиб.!O5:O9995,Гиб.!E5:E9995,"Кербулакский",Гиб.!F5:F9995,"да") -> 0 | AO8: =SUMIFS(Гиб.!O5:O9995,Гиб.!E5:E9995,"Кербулакский",Гиб.!F5:F9995,"нет") -> 0 | AP8: =AQ8+AR8 -> 0 | AQ8: =SUMIFS(Гиб.!O5:O9995,Гиб.!E5:E9995,"Коксуский",Гиб.!F5:F9995,"да") -> 0 | AR8: =SUMIFS(Гиб.!O5:O9995,Гиб.!E5:E9995,"Коксуский",Гиб.!F5:F9995,"нет") -> 0 | AS8: =AT8+AU8 -> 0 | AT8: =SUMIFS(Гиб.!O5:O9995,Гиб.!E5:E9995,"Панфиловский",Гиб.!F5:F9995,"да") -> 0 | AU8: =SUMIFS(Гиб.!O5:O9995,Гиб.!E5:E9995,"Панфиловский",Гиб.!F5:F9995,"нет") -> 0 | AV8: =AW8+AX8 -> 3 | AW8: =SUMIFS(Гиб.!O5:O9995,Гиб.!E5:E9995,"Райымбекский",Гиб.!F5:F9995,"да") -> 0 | AX8: =SUMIFS(Гиб.!O5:O9995,Гиб.!E5:E9995,"Райымбекский",Гиб.!F5:F9995,"нет") -> 3 | AY8: =AZ8+BA8 -> 0 | AZ8: =SUMIFS(Гиб.!O5:O9995,Гиб.!E5:E9995,"Саркандский",Гиб.!F5:F9995,"да") -> 0 | BA8: =SUMIFS(Гиб.!O5:O9995,Гиб.!E5:E9995,"Саркандский",Гиб.!F5:F9995,"нет") -> 0 | BB8: =BC8+BD8 -> 0 | BC8: =SUMIFS(Гиб.!O5:O9995,Гиб.!E5:E9995,"Талгарский",Гиб.!F5:F9995,"да") -> 0 | BD8: =SUMIFS(Гиб.!O5:O9995,Гиб.!E5:E9995,"Талгарский",Гиб.!F5:F9995,"нет") -> 0 | BE8: =BF8+BG8 -> 0 | BF8: =SUMIFS(Гиб.!O5:O9995,Гиб.!E5:E9995,"Уйгурский",Гиб.!F5:F9995,"да") -> 0 | BG8: =SUMIFS(Гиб.!O5:O9995,Гиб.!E5:E9995,"Уйгурский",Гиб.!F5:F9995,"нет") -> 0 | BH8: =BI8+BJ8 -> 0 | BI8: =SUMIFS(Гиб.!O5:O9995,Гиб.!E5:E9995,"г.Талдыкорган",Гиб.!F5:F9995,"да") -> 0 | BJ8: =SUMIFS(Гиб.!O5:O9995,Гиб.!E5:E9995,"г.Талдыкорган",Гиб.!F5:F9995,"нет") -> 0 | BK8: =BL8+BM8 -> 1 | BL8: =SUMIFS(Гиб.!O5:O9995,Гиб.!E5:E9995,"г.Капшагай",Гиб.!F5:F9995,"да") -> 1 | BM8: =SUMIFS(Гиб.!O5:O9995,Гиб.!E5:E9995,"г.Капшагай",Гиб.!F5:F9995,"нет") -> 0 | BN8: =BO8+BP8 -> 0 | BO8: =SUMIFS(Гиб.!O5:O9995,Гиб.!E5:E9995,"г.Текели",Гиб.!F5:F9995,"да") -> 0 | BP8: =SUMIFS(Гиб.!O5:O9995,Гиб.!E5:E9995,"г.Текели",Гиб.!F5:F9995,"нет") -> 0
A9: 3.1. | B9: детей | C9: =BE9+BH9+BB9+AV9+BK9+BN9+AS9+AM9+U9+AD9+AG9+AA9+AJ9+R9+X9+O9+L9+AP9+AY9 -> 1 | D9: =BF9+BI9+BC9+AW9+BL9+BO9+AT9+AN9+V9+AE9+AH9+AB9+AK9+S9+Y9+P9+M9+AQ9+AZ9 -> 0 | E9: =BG9+BJ9+BD9+AX9+BM9+BP9+AU9+AO9+W9+AF9+AI9+AC9+AL9+T9+Z9+Q9+N9+AR9+BA9 -> 1 | F9: 0 | G9: 0 | H9: 0 | I9: =SUM(J9:K9) -> 1 | J9: =D9/C9*100% -> 0 | K9: =E9/C9*100% -> 1 | L9: =M9+N9 -> 0 | M9: =SUMIFS(Гиб.!P5:P9995,Гиб.!E5:E9995,L4,Гиб.!F5:F9995,"да") -> 0 | N9: =SUMIFS(Гиб.!P5:P9995,Гиб.!E5:E9995,L4,Гиб.!F5:F9995,"нет") -> 0 | O9: =P9+Q9 -> 0 | P9: =SUMIFS(Гиб.!P5:P9995,Гиб.!E5:E9995,O4,Гиб.!F5:F9995,"да") -> 0 | Q9: =SUMIFS(Гиб.!P5:P9995,Гиб.!E5:E9995,O4,Гиб.!F5:F9995,"нет") -> 0 | R9: =S9+T9 -> 0 | S9: =SUMIFS(Гиб.!P5:P9995,Гиб.!E5:E9995,R4,Гиб.!F5:F9995,"да") -> 0 | T9: =SUMIFS(Гиб.!P5:P9995,Гиб.!E5:E9995,R4,Гиб.!F5:F9995,"нет") -> 0 | U9: =V9+W9 -> 0 | V9: =SUMIFS(Гиб.!P5:P9995,Гиб.!E5:E9995,U4,Гиб.!F5:F9995,"да") -> 0 | W9: =SUMIFS(Гиб.!P5:P9995,Гиб.!E5:E9995,U4,Гиб.!F5:F9995,"нет") -> 0 | X9: =Y9+Z9 -> 0 | Y9: =SUMIFS(Гиб.!P5:P9995,Гиб.!E5:E9995,X4,Гиб.!F5:F9995,"да") -> 0 | Z9: =SUMIFS(Гиб.!P5:P9995,Гиб.!E5:E9995,X4,Гиб.!F5:F9995,"нет") -> 0 | AA9: =AB9+AC9 -> 0 | AB9: =SUMIFS(Гиб.!P5:P9995,Гиб.!E5:E9995,AA4,Гиб.!F5:F9995,"да") -> 0 | AC9: =SUMIFS(Гиб.!P5:P9995,Гиб.!E5:E9995,AA4,Гиб.!F5:F9995,"нет") -> 0 | AD9: =AE9+AF9 -> 0 | AE9: =SUMIFS(Гиб.!P5:P9995,Гиб.!E5:E9995,AD4,Гиб.!F5:F9995,"да") -> 0 | AF9: =SUMIFS(Гиб.!P5:P9995,Гиб.!E5:E9995,AD4,Гиб.!F5:F9995,"нет") -> 0 | AG9: =AH9+AI9 -> 0 | AH9: =SUMIFS(Гиб.!P5:P9995,Гиб.!E5:E9995,AG4,Гиб.!F5:F9995,"да") -> 0 | AI9: =SUMIFS(Гиб.!P5:P9995,Гиб.!E5:E9995,AG4,Гиб.!F5:F9995,"нет") -> 0 | AJ9: =AK9+AL9 -> 0 | AK9: =SUMIFS(Гиб.!P5:P9995,Гиб.!E5:E9995,AJ4,Гиб.!F5:F9995,"да") -> 0 | AL9: =SUMIFS(Гиб.!P5:P9995,Гиб.!E5:E9995,AJ4,Гиб.!F5:F9995,"нет") -> 0 | AM9: =AN9+AO9 -> 0 | AN9: =SUMIFS(Гиб.!P5:P9995,Гиб.!E5:E9995,AM4,Гиб.!F5:F9995,"да") -> 0 | AO9: =SUMIFS(Гиб.!P5:P9995,Гиб.!E5:E9995,AM4,Гиб.!F5:F9995,"нет") -> 0 | AP9: =AQ9+AR9 -> 0 | AQ9: =SUMIFS(Гиб.!P5:P9995,Гиб.!E5:E9995,AP4,Гиб.!F5:F9995,"да") -> 0 | AR9: =SUMIFS(Гиб.!P5:P9995,Гиб.!E5:E9995,AP4,Гиб.!F5:F9995,"нет") -> 0 | AS9: =AT9+AU9 -> 0 | AT9: =SUMIFS(Гиб.!P5:P9995,Гиб.!E5:E9995,AS4,Гиб.!F5:F9995,"да") -> 0 | AU9: =SUMIFS(Гиб.!P5:P9995,Гиб.!E5:E9995,AS4,Гиб.!F5:F9995,"нет") -> 0 | AV9: =AW9+AX9 -> 1 | AW9: =SUMIFS(Гиб.!P5:P9995,Гиб.!E5:E9995,AV4,Гиб.!F5:F9995,"да") -> 0 | AX9: =SUMIFS(Гиб.!P5:P9995,Гиб.!E5:E9995,AV4,Гиб.!F5:F9995,"нет") -> 1 | AY9: =AZ9+BA9 -> 0 | AZ9: =SUMIFS(Гиб.!P5:P9995,Гиб.!E5:E9995,AY4,Гиб.!F5:F9995,"да") -> 0 | BA9: =SUMIFS(Гиб.!P5:P9995,Гиб.!E5:E9995,AY4,Гиб.!F5:F9995,"нет") -> 0 | BB9: =BC9+BD9 -> 0 | BC9: =SUMIFS(Гиб.!P5:P9995,Гиб.!E5:E9995,BB4,Гиб.!F5:F9995,"да") -> 0 | BD9: =SUMIFS(Гиб.!P5:P9995,Гиб.!E5:E9995,BB4,Гиб.!F5:F9995,"нет") -> 0 | BE9: =BF9+BG9 -> 0 | BF9: =SUMIFS(Гиб.!P5:P9995,Гиб.!E5:E9995,BE4,Гиб.!F5:F9995,"да") -> 0 | BG9: =SUMIFS(Гиб.!P5:P9995,Гиб.!E5:E9995,BE4,Гиб.!F5:F9995,"нет") -> 0 | BH9: =BI9+BJ9 -> 0 | BI9: =SUMIFS(Гиб.!P5:P9995,Гиб.!E5:E9995,BH4,Гиб.!F5:F9995,"да") -> 0 | BJ9: =SUMIFS(Гиб.!P5:P9995,Гиб.!E5:E9995,BH4,Гиб.!F5:F9995,"нет") -> 0 | BK9: =BL9+BM9 -> 0 | BL9: =SUMIFS(Гиб.!P5:P9995,Гиб.!E5:E9995,BK4,Гиб.!F5:F9995,"да") -> 0 | BM9: =SUMIFS(Гиб.!P5:P9995,Гиб.!E5:E9995,BK4,Гиб.!F5:F9995,"нет") -> 0 | BN9: =BO9+BP9 -> 0 | BO9: =SUMIFS(Гиб.!P5:P9995,Гиб.!E5:E9995,BN4,Гиб.!F5:F9995,"да") -> 0 | BP9: =SUMIFS(Гиб.!P5:P9995,Гиб.!E5:E9995,BN4,Гиб.!F5:F9995,"нет") -> 0
A10: 3.2. | B10: лиц в нетрезвом состоянии | C10: =BE10+BH10+BB10+AV10+BK10+BN10+AS10+AM10+U10+AD10+AG10+AA10+AJ10+R10+X10+O10+L10+AP10+AY10 -> 0 | D10: =BF10+BI10+BC10+AW10+BL10+BO10+AT10+AN10+V10+AE10+AH10+AB10+AK10+S10+Y10+P10+M10+AQ10+AZ10 -> 0 | E10: =BG10+BJ10+BD10+AX10+BM10+BP10+AU10+AO10+W10+AF10+AI10+AC10+AL10+T10+Z10+Q10+N10+AR10+BA10 -> 0 | F10: 0 | G10: 0 | H10: 0 | I10: =SUM(J10:K10) -> #DIV/0! | J10: =D10/C10*100% -> #DIV/0! | K10: =E10/C10*100% -> #DIV/0! | L10: =M10+N10 -> 0 | M10: =SUMIFS(Гиб.!Q5:Q9995,Гиб.!E5:E9995,"Аксуский",Гиб.!F5:F9995,"да") -> 0 | N10: =SUMIFS(Гиб.!Q5:Q9995,Гиб.!E5:E9995,"Аксуский",Гиб.!F5:F9995,"нет") -> 0 | O10: =P10+Q10 -> 0 | P10: =SUMIFS(Гиб.!Q5:Q9995,Гиб.!E5:E9995,"Алакольский",Гиб.!F5:F9995,"да") -> 0 | Q10: =SUMIFS(Гиб.!Q5:Q9995,Гиб.!E5:E9995,"Алакольский",Гиб.!F5:F9995,"нет") -> 0 | R10: =S10+T10 -> 0 | S10: =SUMIFS(Гиб.!Q5:Q9995,Гиб.!E5:E9995,"Балхашский",Гиб.!F5:F9995,"да") -> 0 | T10: =SUMIFS(Гиб.!Q5:Q9995,Гиб.!E5:E9995,"Балхашский",Гиб.!F5:F9995,"нет") -> 0 | U10: =V10+W10 -> 0 | V10: =SUMIFS(Гиб.!Q5:Q9995,Гиб.!E5:E9995,"Енбекшиказахский",Гиб.!F5:F9995,"да") -> 0 | W10: =SUMIFS(Гиб.!Q5:Q9995,Гиб.!E5:E9995,"Енбекшиказахский",Гиб.!F5:F9995,"нет") -> 0 | X10: =Y10+Z10 -> 0 | Y10: =SUMIFS(Гиб.!Q5:Q9995,Гиб.!E5:E9995,"Ескельдинский",Гиб.!F5:F9995,"да") -> 0 | Z10: =SUMIFS(Гиб.!Q5:Q9995,Гиб.!E5:E9995,"Ескельдинский",Гиб.!F5:F9995,"нет") -> 0 | AA10: =AB10+AC10 -> 0 | AB10: =SUMIFS(Гиб.!Q5:Q9995,Гиб.!E5:E9995,"Жамбылский",Гиб.!F5:F9995,"да") -> 0 | AC10: =SUMIFS(Гиб.!Q5:Q9995,Гиб.!E5:E9995,"Жамбылский",Гиб.!F5:F9995,"нет") -> 0 | AD10: =AE10+AF10 -> 0 | AE10: =SUMIFS(Гиб.!Q5:Q9995,Гиб.!E5:E9995,"Илийский",Гиб.!F5:F9995,"да") -> 0 | AF10: =SUMIFS(Гиб.!Q5:Q9995,Гиб.!E5:E9995,"Илийский",Гиб.!F5:F9995,"нет") -> 0 | AG10: =AH10+AI10 -> 0 | AH10: =SUMIFS(Гиб.!Q5:Q9995,Гиб.!E5:E9995,"Карасайский",Гиб.!F5:F9995,"да") -> 0 | AI10: =SUMIFS(Гиб.!Q5:Q9995,Гиб.!E5:E9995,"Карасайский",Гиб.!F5:F9995,"нет") -> 0 | AJ10: =AK10+AL10 -> 0 | AK10: =SUMIFS(Гиб.!Q5:Q9995,Гиб.!E5:E9995,"Каратальский",Гиб.!F5:F9995,"да") -> 0 | AL10: =SUMIFS(Гиб.!Q5:Q9995,Гиб.!E5:E9995,"Каратальский",Гиб.!F5:F9995,"нет") -> 0 | AM10: =AN10+AO10 -> 0 | AN10: =SUMIFS(Гиб.!Q5:Q9995,Гиб.!E5:E9995,"Кербулакский",Гиб.!F5:F9995,"да") -> 0 | AO10: =SUMIFS(Гиб.!Q5:Q9995,Гиб.!E5:E9995,"Кербулакский",Гиб.!F5:F9995,"нет") -> 0 | AP10: =AQ10+AR10 -> 0 | AQ10: =SUMIFS(Гиб.!Q5:Q9995,Гиб.!E5:E9995,"Коксуский",Гиб.!F5:F9995,"да") -> 0 | AR10: =SUMIFS(Гиб.!Q5:Q9995,Гиб.!E5:E9995,"Коксуский",Гиб.!F5:F9995,"нет") -> 0 | AS10: =AT10+AU10 -> 0 | AT10: =SUMIFS(Гиб.!Q5:Q9995,Гиб.!E5:E9995,"Панфиловский",Гиб.!F5:F9995,"да") -> 0 | AU10: =SUMIFS(Гиб.!Q5:Q9995,Гиб.!E5:E9995,"Панфиловский",Гиб.!F5:F9995,"нет") -> 0 | AV10: =AW10+AX10 -> 0 | AW10: =SUMIFS(Гиб.!Q5:Q9995,Гиб.!E5:E9995,"Райымбекский",Гиб.!F5:F9995,"да") -> 0 | AX10: =SUMIFS(Гиб.!Q5:Q9995,Гиб.!E5:E9995,"Райымбекский",Гиб.!F5:F9995,"нет") -> 0 | AY10: =AZ10+BA10 -> 0 | AZ10: =SUMIFS(Гиб.!Q5:Q9995,Гиб.!E5:E9995,"Саркандский",Гиб.!F5:F9995,"да") -> 0 | BA10: =SUMIFS(Гиб.!Q5:Q9995,Гиб.!E5:E9995,"Саркандский",Гиб.!F5:F9995,"нет") -> 0 | BB10: =BC10+BD10 -> 0 | BC10: =SUMIFS(Гиб.!Q5:Q9995,Гиб.!E5:E9995,"Талгарский",Гиб.!F5:F9995,"да") -> 0 | BD10: =SUMIFS(Гиб.!Q5:Q9995,Гиб.!E5:E9995,"Талгарский",Гиб.!F5:F9995,"нет") -> 0 | BE10: =BF10+BG10 -> 0 | BF10: =SUMIFS(Гиб.!Q5:Q9995,Гиб.!E5:E9995,"Уйгурский",Гиб.!F5:F9995,"да") -> 0 | BG10: =SUMIFS(Гиб.!Q5:Q9995,Гиб.!E5:E9995,"Уйгурский",Гиб.!F5:F9995,"нет") -> 0 | BH10: =BI10+BJ10 -> 0 | BI10: =SUMIFS(Гиб.!Q5:Q9995,Гиб.!E5:E9995,"г.Талдыкорган",Гиб.!F5:F9995,"да") -> 0 | BJ10: =SUMIFS(Гиб.!Q5:Q9995,Гиб.!E5:E9995,"г.Талдыкорган",Гиб.!F5:F9995,"нет") -> 0 | BK10: =BL10+BM10 -> 0 | BL10: =SUMIFS(Гиб.!Q5:Q9995,Гиб.!E5:E9995,BK4,Гиб.!F5:F9995,"да") -> 0 | BM10: =SUMIFS(Гиб.!Q5:Q9995,Гиб.!E5:E9995,"г.Капшагай",Гиб.!F5:F9995,"нет") -> 0 | BN10: =BO10+BP10 -> 0 | BO10: =SUMIFS(Гиб.!Q5:Q9995,Гиб.!E5:E9995,"г.Текели",Гиб.!F5:F9995,"да") -> 0 | BP10: =SUMIFS(Гиб.!Q5:Q9995,Гиб.!E5:E9995,"г.Текели",Гиб.!F5:F9995,"нет") -> 0
A11: 3.3. | B11: лиц погибших от отравления угарным газом, в результате нарушений требований пожарной безопасности, не повлекших возникновения пожара | C11: =BE11+BH11+BB11+AV11+BK11+BN11+AS11+AM11+U11+AD11+AG11+AA11+AJ11+R11+X11+O11+L11+AP11+AY11 -> 1 | D11: =BF11+BI11+BC11+AW11+BL11+BO11+AT11+AN11+V11+AE11+AH11+AB11+AK11+S11+Y11+P11+M11+AQ11+AZ11 -> 0 | E11: =BG11+BJ11+BD11+AX11+BM11+BP11+AU11+AO11+W11+AF11+AI11+AC11+AL11+T11+Z11+Q11+N11+AR11+BA11 -> 1 | F11: 0 | G11: 0 | H11: 0 | I11: =SUM(J11:K11) -> 1 | J11: =D11/C11*100% -> 0 | K11: =E11/C11*100% -> 1 | L11: =M11+N11 -> 0 | M11: =SUMIFS(угар!AL5:AL10000,угар!F5:F10000,"Аксуский",угар!G5:G10000,"да") -> 0 | N11: =SUMIFS(угар!AL5:AL10000,угар!F5:F10000,"Аксуский",угар!G5:G10000,"нет") -> 0 | O11: =P11+Q11 -> 0 | P11: =SUMIFS(угар!AL5:AL10000,угар!F5:F10000,"Алакольский",угар!G5:G10000,"да") -> 0 | Q11: =SUMIFS(угар!AL5:AL10000,угар!F5:F10000,"Алакольский",угар!G5:G10000,"нет") -> 0 | R11: =S11+T11 -> 0 | S11: =SUMIFS(угар!AL5:AL10000,угар!F5:F10000,"Балхашский",угар!G5:G10000,"да") -> 0 | T11: =SUMIFS(угар!AL5:AL10000,угар!F5:F10000,"Балхашский",угар!G5:G10000,"нет") -> 0 | U11: =V11+W11 -> 0 | V11: =SUMIFS(угар!AL5:AL10000,угар!F5:F10000,"Енбекшиказахский",угар!G5:G10000,"да") -> 0 | W11: =SUMIFS(угар!AL5:AL10000,угар!F5:F10000,"Енбекшиказахский",угар!G5:G10000,"нет") -> 0 | X11: =Y11+Z11 -> 0 | Y11: =SUMIFS(угар!AL5:AL10000,угар!F5:F10000,"Ескельдинский",угар!G5:G10000,"да") -> 0 | Z11: =SUMIFS(угар!AL5:AL10000,угар!F5:F10000,"Ескельдинский",угар!G5:G10000,"нет") -> 0 | AA11: =AB11+AC11 -> 0 | AB11: =SUMIFS(угар!AL5:AL10000,угар!F5:F10000,"Жамбылский",угар!G5:G10000,"да") -> 0 | AC11: =SUMIFS(угар!AL5:AL10000,угар!F5:F10000,"Жамбылский",угар!G5:G10000,"нет") -> 0 | AD11: =AE11+AF11 -> 0 | AE11: =SUMIFS(угар!AL5:AL10000,угар!F5:F10000,"Илийский",угар!G5:G10000,"да") -> 0 | AF11: =SUMIFS(угар!AL5:AL10000,угар!F5:F10000,"Илийский",угар!G5:G10000,"нет") -> 0 | AG11: =AH11+AI11 -> 1 | AH11: =SUMIFS(угар!AL5:AL10000,угар!F5:F10000,"Карасайский",угар!G5:G10000,"да") -> 0 | AI11: =SUMIFS(угар!AL5:AL10000,угар!F5:F10000,"Карасайский",угар!G5:G10000,"нет") -> 1 | AJ11: =AK11+AL11 -> 0 | AK11: =SUMIFS(угар!AL5:AL10000,угар!F5:F10000,"Каратальский",угар!G5:G10000,"да") -> 0 | AL11: =SUMIFS(угар!AL5:AL10000,угар!F5:F10000,"Каратальский",угар!G5:G10000,"нет") -> 0 | AM11: =AN11+AO11 -> 0 | AN11: =SUMIFS(угар!AL5:AL10000,угар!F5:F10000,"Кербулакский",угар!G5:G10000,"да") -> 0 | AO11: =SUMIFS(угар!AL5:AL10000,угар!F5:F10000,"Кербулакский",угар!G5:G10000,"нет") -> 0 | AP11: =AQ11+AR11 -> 0 | AQ11: =SUMIFS(угар!AL5:AL10000,угар!F5:F10000,"Коксуский",угар!G5:G10000,"да") -> 0 | AR11: =SUMIFS(угар!AL5:AL10000,угар!F5:F10000,"Коксуский",угар!G5:G10000,"нет") -> 0 | AS11: =AT11+AU11 -> 0 | AT11: =SUMIFS(угар!AL5:AL10000,угар!F5:F10000,"Панфиловский",угар!G5:G10000,"да") -> 0 | AU11: =SUMIFS(угар!AL5:AL10000,угар!F5:F10000,"Панфиловский",угар!G5:G10000,"нет") -> 0 | AV11: =AW11+AX11 -> 0 | AW11: =SUMIFS(угар!AL5:AL10000,угар!F5:F10000,"Райымбекский",угар!G5:G10000,"да") -> 0 | AX11: =SUMIFS(угар!AL5:AL10000,угар!F5:F10000,"Райымбекский",угар!G5:G10000,"нет") -> 0 | AY11: =AZ11+BA11 -> 0 | AZ11: =SUMIFS(угар!AL5:AL10000,угар!F5:F10000,"Саркандский",угар!G5:G10000,"да") -> 0 | BA11: =SUMIFS(угар!AL5:AL10000,угар!F5:F10000,"Саркандский",угар!G5:G10000,"нет") -> 0 | BB11: =BC11+BD11 -> 0 | BC11: =SUMIFS(угар!AL5:AL10000,угар!F5:F10000,"Талгарский",угар!G5:G10000,"да") -> 0 | BD11: =SUMIFS(угар!AL5:AL10000,угар!F5:F10000,"Талгарский",угар!G5:G10000,"нет") -> 0 | BE11: =BF11+BG11 -> 0 | BF11: =SUMIFS(угар!AL5:AL10000,угар!F5:F10000,"Уйгурский",угар!G5:G10000,"да") -> 0 | BG11: =SUMIFS(угар!AL5:AL10000,угар!F5:F10000,"Уйгурский",угар!G5:G10000,"нет") -> 0 | BH11: =BI11+BJ11 -> 0 | BI11: =SUMIFS(угар!AL5:AL10000,угар!F5:F10000,"г.Талдыкорган",угар!G5:G10000,"да") -> 0 | BJ11: =SUMIFS(угар!AL5:AL10000,угар!F5:F10000,"г.Талдыкорган",угар!G5:G10000,"нет") -> 0 | BK11: =BL11+BM11 -> 0 | BL11: =SUMIFS(угар!AL5:AL10000,угар!F5:F10000,"г.Капшагай",угар!G5:G10000,"да") -> 0 | BM11: =SUMIFS(угар!AL5:AL10000,угар!F5:F10000,"г.Капшагай",угар!G5:G10000,"нет") -> 0 | BN11: =BO11+BP11 -> 0 | BO11: =SUMIFS(угар!AL5:AL10000,угар!F5:F10000,"г.Текели",угар!G5:G10000,"да") -> 0 | BP11: =SUMIFS(угар!AL5:AL10000,угар!F5:F10000,"г.Текели",угар!G5:G10000,"нет") -> 0
A12: 4 | B12: Травмировано людей на пожарах (всего) из них: | C12: =BE12+BH12+BB12+AV12+BK12+BN12+AS12+AM12+U12+AD12+AG12+AA12+AJ12+R12+X12+O12+L12+AP12+AY12 -> 10 | D12: =BF12+BI12+BC12+AW12+BL12+BO12+AT12+AN12+V12+AE12+AH12+AB12+AK12+S12+Y12+P12+M12+AQ12+AZ12 -> 1 | E12: =BG12+BJ12+BD12+AX12+BM12+BP12+AU12+AO12+W12+AF12+AI12+AC12+AL12+T12+Z12+Q12+N12+AR12+BA12 -> 9 | F12: 8 | G12: 0 | H12: 8 | I12: =SUM(J12:K12) -> 1 | J12: =D12/C12*100% -> 0.1 | K12: =E12/C12*100% -> 0.9 | L12: =M12+N12 -> 0 | M12: =SUMIFS(Тр.!M5:M9988,Тр.!E5:E9988,"Аксуский",Тр.!F5:F9988,"да") -> 0 | N12: =SUMIFS(Тр.!M5:M9988,Тр.!E5:E9988,"Аксуский",Тр.!F5:F9988,"нет") -> 0 | O12: =P12+Q12 -> 1 | P12: =SUMIFS(Тр.!M5:M9988,Тр.!E5:E9988,"Алакольский",Тр.!F5:F9988,"да") -> 0 | Q12: =SUMIFS(Тр.!M5:M9988,Тр.!E5:E9988,"Алакольский",Тр.!F5:F9988,"нет") -> 1 | R12: =S12+T12 -> 0 | S12: =SUMIFS(Тр.!M5:M9988,Тр.!E5:E9988,"Балхашский",Тр.!F5:F9988,"да") -> 0 | T12: =SUMIFS(Тр.!M5:M9988,Тр.!E5:E9988,"Балхашский",Тр.!F5:F9988,"нет") -> 0 | U12: =V12+W12 -> 0 | V12: =SUMIFS(Тр.!M5:M9988,Тр.!E5:E9988,"Енбекшиказахский",Тр.!F5:F9988,"да") -> 0 | W12: =SUMIFS(Тр.!M5:M9988,Тр.!E5:E9988,"Енбекшиказахский",Тр.!F5:F9988,"нет") -> 0 | X12: =Y12+Z12 -> 6 | Y12: =SUMIFS(Тр.!M5:M9988,Тр.!E5:E9988,"Ескельдинский",Тр.!F5:F9988,"да") -> 0 | Z12: =SUMIFS(Тр.!M5:M9988,Тр.!E5:E9988,"Ескельдинский",Тр.!F5:F9988,"нет") -> 6 | AA12: =AB12+AC12 -> 0 | AB12: =SUMIFS(Тр.!M5:M9988,Тр.!E5:E9988,"Жамбылский",Тр.!F5:F9988,"да") -> 0 | AC12: =SUMIFS(Тр.!M5:M9988,Тр.!E5:E9988,"Жамбылский",Тр.!F5:F9988,"нет") -> 0 | AD12: =AE12+AF12 -> 0 | AE12: =SUMIFS(Тр.!M5:M9988,Тр.!E5:E9988,"Илийский",Тр.!F5:F9988,"да") -> 0 | AF12: =SUMIFS(Тр.!M5:M9988,Тр.!E5:E9988,"Илийский",Тр.!F5:F9988,"нет") -> 0 | AG12: =AH12+AI12 -> 1 | AH12: =SUMIFS(Тр.!M5:M9988,Тр.!E5:E9988,"Карасайский",Тр.!F5:F9988,"да") -> 0 | AI12: =SUMIFS(Тр.!M5:M9988,Тр.!E5:E9988,"Карасайский",Тр.!F5:F9988,"нет") -> 1 | AJ12: =AK12+AL12 -> 0 | AK12: =SUMIFS(Тр.!M5:M9988,Тр.!E5:E9988,"Каратальский",Тр.!F5:F9988,"да") -> 0 | AL12: =SUMIFS(Тр.!M5:M9988,Тр.!E5:E9988,"Каратальский",Тр.!F5:F9988,"нет") -> 0 | AM12: =AN12+AO12 -> 0 | AN12: =SUMIFS(Тр.!M5:M9988,Тр.!E5:E9988,"Кербулакский",Тр.!F5:F9988,"да") -> 0 | AO12: =SUMIFS(Тр.!M5:M9988,Тр.!E5:E9988,"Кербулакский",Тр.!F5:F9988,"нет") -> 0 | AP12: =AQ12+AR12 -> 0 | AQ12: =SUMIFS(Тр.!M5:M9988,Тр.!E5:E9988,"Коксуский",Тр.!F5:F9988,"да") -> 0 | AR12: =SUMIFS(Тр.!M5:M9988,Тр.!E5:E9988,"Коксуский",Тр.!F5:F9988,"нет") -> 0 | AS12: =AT12+AU12 -> 0 | AT12: =SUMIFS(Тр.!M5:M9988,Тр.!E5:E9988,"Панфиловский",Тр.!F5:F9988,"да") -> 0 | AU12: =SUMIFS(Тр.!M5:M9988,Тр.!E5:E9988,"Панфиловский",Тр.!F5:F9988,"нет") -> 0 | AV12: =AW12+AX12 -> 0 | AW12: =SUMIFS(Тр.!M5:M9988,Тр.!E5:E9988,"Райымбекский",Тр.!F5:F9988,"да") -> 0 | AX12: =SUMIFS(Тр.!M5:M9988,Тр.!E5:E9988,"Райымбекский",Тр.!F5:F9988,"нет") -> 0 | AY12: =AZ12+BA12 -> 0 | AZ12: =SUMIFS(Тр.!M5:M9988,Тр.!E5:E9988,"Саркандский",Тр.!F5:F9988,"да") -> 0 | BA12: =SUMIFS(Тр.!M5:M9988,Тр.!E5:E9988,"Саркандский",Тр.!F5:F9988,"нет") -> 0 | BB12: =BC12+BD12 -> 0 | BC12: =SUMIFS(Тр.!M5:M9988,Тр.!E5:E9988,"Талгарский",Тр.!F5:F9988,"да") -> 0 | BD12: =SUMIFS(Тр.!M5:M9988,Тр.!E5:E9988,"Талгарский",Тр.!F5:F9988,"нет") -> 0 | BE12: =BF12+BG12 -> 0 | BF12: =SUMIFS(Тр.!M5:M9988,Тр.!E5:E9988,"Уйгурский",Тр.!F5:F9988,"да") -> 0 | BG12: =SUMIFS(Тр.!M5:M9988,Тр.!E5:E9988,"Уйгурский",Тр.!F5:F9988,"нет") -> 0 | BH12: =BI12+BJ12 -> 1 | BI12: =SUMIFS(Тр.!M5:M9988,Тр.!E5:E9988,"г.Талдыкорган",Тр.!F5:F9988,"да") -> 0 | BJ12: =SUMIFS(Тр.!M5:M9988,Тр.!E5:E9988,"г.Талдыкорган",Тр.!F5:F9988,"нет") -> 1 | BK12: =BL12+BM12 -> 0 | BL12: =SUMIFS(Тр.!M5:M9988,Тр.!E5:E9988,"г.Капшагай",Тр.!F5:F9988,"да") -> 0 | BM12: =SUMIFS(Тр.!M5:M9988,Тр.!E5:E9988,"г.Капшагай",Тр.!F5:F9988,"нет") -> 0 | BN12: =BO12+BP12 -> 1 | BO12: =SUMIFS(Тр.!M5:M9988,Тр.!E5:E9988,"г.Текели",Тр.!F5:F9988,"да") -> 1 | BP12: =SUMIFS(Тр.!M5:M9988,Тр.!E5:E9988,"г.Текели",Тр.!F5:F9988,"нет") -> 0
A13: 4.1. | B13: лиц травмированных от отравления угарным газом, в результате нарушений требований пожарной безопасности, не повлекших возникновения пожара | C13: =BE13+BH13+BB13+AV13+BK13+BN13+AS13+AM13+U13+AD13+AG13+AA13+AJ13+R13+X13+O13+L13+AP13+AY13 -> 163 | D13: =BF13+BI13+BC13+AW13+BL13+BO13+AT13+AN13+V13+AE13+AH13+AB13+AK13+S13+Y13+P13+M13+AQ13+AZ13 -> 55 | E13: =BG13+BJ13+BD13+AX13+BM13+BP13+AU13+AO13+W13+AF13+AI13+AC13+AL13+T13+Z13+Q13+N13+AR13+BA13 -> 108 | F13: 75 | G13: 33 | H13: 42 | I13: =SUM(J13:K13) -> 1 | J13: =D13/C13*100% -> 0.33742331 | K13: =E13/C13*100% -> 0.66257669 | L13: =M13+N13 -> 1 | M13: =SUMIFS(угар!AQ5:AQ10000,угар!F5:F10000,"Аксуский",угар!G5:G10000,"да") -> 0 | N13: =SUMIFS(угар!AQ5:AQ10000,угар!F5:F10000,"Аксуский",угар!G5:G10000,"нет") -> 1 | O13: =P13+Q13 -> 0 | P13: =SUMIFS(угар!AQ5:AQ10000,угар!F5:F10000,"Алакольский",угар!G5:G10000,"да") -> 0 | Q13: =SUMIFS(угар!AQ5:AQ10000,угар!F5:F10000,"Алакольский",угар!G5:G10000,"нет") -> 0 | R13: =S13+T13 -> 0 | S13: =SUMIFS(угар!AQ5:AQ10000,угар!F5:F10000,"Балхашский",угар!G5:G10000,"да") -> 0 | T13: =SUMIFS(угар!AQ5:AQ10000,угар!F5:F10000,"Балхашский",угар!G5:G10000,"нет") -> 0 | U13: =V13+W13 -> 20 | V13: =SUMIFS(угар!AQ5:AQ10000,угар!F5:F10000,"Енбекшиказахский",угар!G5:G10000,"да") -> 1 | W13: =SUMIFS(угар!AQ5:AQ10000,угар!F5:F10000,"Енбекшиказахский",угар!G5:G10000,"нет") -> 19 | X13: =Y13+Z13 -> 3 | Y13: =SUMIFS(угар!AQ5:AQ10000,угар!F5:F10000,"Ескельдинский",угар!G5:G10000,"да") -> 1 | Z13: =SUMIFS(угар!AQ5:AQ10000,угар!F5:F10000,"Ескельдинский",угар!G5:G10000,"нет") -> 2 | AA13: =AB13+AC13 -> 18 | AB13: =SUMIFS(угар!AQ5:AQ10000,угар!F5:F10000,"Жамбылский",угар!G5:G10000,"да") -> 0 | AC13: =SUMIFS(угар!AQ5:AQ10000,угар!F5:F10000,"Жамбылский",угар!G5:G10000,"нет") -> 18 | AD13: =AE13+AF13 -> 23 | AE13: =SUMIFS(угар!AQ5:AQ10000,угар!F5:F10000,"Илийский",угар!G5:G10000,"да") -> 0 | AF13: =SUMIFS(угар!AQ5:AQ10000,угар!F5:F10000,"Илийский",угар!G5:G10000,"нет") -> 23 | AG13: =AH13+AI13 -> 1 | AH13: =SUMIFS(угар!AQ5:AQ10000,угар!F5:F10000,"Карасайский",угар!G5:G10000,"да") -> 0 | AI13: =SUMIFS(угар!AQ5:AQ10000,угар!F5:F10000,"Карасайский",угар!G5:G10000,"нет") -> 1 | AJ13: =AK13+AL13 -> 2 | AK13: =SUMIFS(угар!AQ5:AQ10000,угар!F5:F10000,"Каратальский",угар!G5:G10000,"да") -> 2 | AL13: =SUMIFS(угар!AQ5:AQ10000,угар!F5:F10000,"Каратальский",угар!G5:G10000,"нет") -> 0 | AM13: =AN13+AO13 -> 0 | AN13: =SUMIFS(угар!AQ5:AQ10000,угар!F5:F10000,"Кербулакский",угар!G5:G10000,"да") -> 0 | AO13: =SUMIFS(угар!AQ5:AQ10000,угар!F5:F10000,"Кербулакский",угар!G5:G10000,"нет") -> 0 | AP13: =AQ13+AR13 -> 1 | AQ13: =SUMIFS(угар!AQ5:AQ10000,угар!F5:F10000,"Коксуский",угар!G5:G10000,"да") -> 0 | AR13: =SUMIFS(угар!AQ5:AQ10000,угар!F5:F10000,"Коксуский",угар!G5:G10000,"нет") -> 1 | AS13: =AT13+AU13 -> 20 | AT13: =SUMIFS(угар!AQ5:AQ10000,угар!F5:F10000,"Панфиловский",угар!G5:G10000,"да") -> 17 | AU13: =SUMIFS(угар!AQ5:AQ10000,угар!F5:F10000,"Панфиловский",угар!G5:G10000,"нет") -> 3 | AV13: =AW13+AX13 -> 8 | AW13: =SUMIFS(угар!AQ5:AQ10000,угар!F5:F10000,"Райымбекский",угар!G5:G10000,"да") -> 0 | AX13: =SUMIFS(угар!AQ5:AQ10000,угар!F5:F10000,"Райымбекский",угар!G5:G10000,"нет") -> 8 | AY13: =AZ13+BA13 -> 0 | AZ13: =SUMIFS(угар!AQ5:AQ10000,угар!F5:F10000,"Саркандский",угар!G5:G10000,"да") -> 0 | BA13: =SUMIFS(угар!AQ5:AQ10000,угар!F5:F10000,"Саркандский",угар!G5:G10000,"нет") -> 0 | BB13: =BC13+BD13 -> 19 | BC13: =SUMIFS(угар!AQ5:AQ10000,угар!F5:F10000,"Талгарский",угар!G5:G10000,"да") -> 7 | BD13: =SUMIFS(угар!AQ5:AQ10000,угар!F5:F10000,"Талгарский",угар!G5:G10000,"нет") -> 12 | BE13: =BF13+BG13 -> 14 | BF13: =SUMIFS(угар!AQ5:AQ10000,угар!F5:F10000,"Уйгурский",угар!G5:G10000,"да") -> 0 | BG13: =SUMIFS(угар!AQ5:AQ10000,угар!F5:F10000,"Уйгурский",угар!G5:G10000,"нет") -> 14 | BH13: =BI13+BJ13 -> 19 | BI13: =SUMIFS(угар!AQ5:AQ10000,угар!F5:F10000,"г.Талдыкорган",угар!G5:G10000,"да") -> 16 | BJ13: =SUMIFS(угар!AQ5:AQ10000,угар!F5:F10000,"г.Талдыкорган",угар!G5:G10000,"нет") -> 3 | BK13: =BL13+BM13 -> 11 | BL13: =SUMIFS(угар!AQ5:AQ10000,угар!F5:F10000,"г.Капшагай",угар!G5:G10000,"да") -> 8 | BM13: =SUMIFS(угар!AQ5:AQ10000,угар!F5:F10000,"г.Капшагай",угар!G5:G10000,"нет") -> 3 | BN13: =BO13+BP13 -> 3 | BO13: =SUMIFS(угар!AQ5:AQ10000,угар!F5:F10000,"г.Текели",угар!G5:G10000,"да") -> 3 | BP13: =SUMIFS(угар!AQ5:AQ10000,угар!F5:F10000,"г.Текели",угар!G5:G10000,"нет") -> 0
A14: 5 | B14: Спасено людей на пожарах | C14: =BE14+BH14+BB14+AV14+BK14+BN14+AS14+AM14+U14+AD14+AG14+AA14+AJ14+R14+X14+O14+L14+AP14+AY14 -> 0 | D14: =BF14+BI14+BC14+AW14+BL14+BO14+AT14+AN14+V14+AE14+AH14+AB14+AK14+S14+Y14+P14+M14+AQ14+AZ14 -> 0 | E14: =BG14+BJ14+BD14+AX14+BM14+BP14+AU14+AO14+W14+AF14+AI14+AC14+AL14+T14+Z14+Q14+N14+AR14+BA14 -> 0 | F14: 0 | G14: 0 | H14: 0 | I14: =SUM(J14:K14) -> #DIV/0! | J14: =D14/C14*100% -> #DIV/0! | K14: =E14/C14*100% -> #DIV/0! | L14: =M14+N14 -> 0 | M14: ='спасено людей'!D4 -> 0 | N14: ='спасено людей'!E4 -> 0 | O14: =P14+Q14 -> 0 | P14: ='спасено людей'!D5 -> 0 | Q14: ='спасено людей'!E5 -> 0 | R14: =S14+T14 -> 0 | S14: ='спасено людей'!D6 -> 0 | T14: ='спасено людей'!E6 -> 0 | U14: =V14+W14 -> 0 | V14: ='спасено людей'!D7 -> 0 | W14: ='спасено людей'!E7 -> 0 | X14: =Y14+Z14 -> 0 | Y14: ='спасено людей'!D8 -> 0 | Z14: ='спасено людей'!E8 -> 0 | AA14: =AB14+AC14 -> 0 | AB14: ='спасено людей'!D9 -> 0 | AC14: ='спасено людей'!E9 -> 0 | AD14: =AE14+AF14 -> 0 | AE14: ='спасено людей'!D10 -> 0 | AF14: ='спасено людей'!E10 -> 0 | AG14: =AH14+AI14 -> 0 | AH14: ='спасено людей'!D11 -> 0 | AI14: ='спасено людей'!E11 -> 0 | AJ14: =AK14+AL14 -> 0 | AK14: ='спасено людей'!D12 -> 0 | AL14: ='спасено людей'!E12 -> 0 | AM14: =AN14+AO14 -> 0 | AN14: ='спасено людей'!D13 -> 0 | AO14: ='спасено людей'!E13 -> 0 | AP14: =AQ14+AR14 -> 0 | AQ14: ='спасено людей'!D14 -> 0 | AR14: ='спасено людей'!E14 -> 0 | AS14: =AT14+AU14 -> 0 | AT14: ='спасено людей'!D15 -> 0 | AU14: ='спасено людей'!E15 -> 0 | AV14: =AW14+AX14 -> 0 | AW14: ='спасено людей'!D16 -> 0 | AX14: ='спасено людей'!E16 -> 0 | AY14: =AZ14+BA14 -> 0 | AZ14: ='спасено людей'!D17 -> 0 | BA14: ='спасено людей'!E17 -> 0 | BB14: =BC14+BD14 -> 0 | BC14: ='спасено людей'!D18 -> 0 | BD14: ='спасено людей'!E18 -> 0 | BE14: =BF14+BG14 -> 0 | BF14: ='спасено людей'!D19 -> 0 | BG14: ='спасено людей'!E19 -> 0 | BH14: =BI14+BJ14 -> 0 | BI14: ='спасено людей'!D20 -> 0 | BJ14: ='спасено людей'!E20 -> 0 | BK14: =BL14+BM14 -> 0 | BL14: ='спасено людей'!D21 -> 0 | BM14: ='спасено людей'!E21 -> 0 | BN14: =BO14+BP14 -> 0 | BO14: ='спасено людей'!D22 -> 0 | BP14: ='спасено людей'!E22 -> 0
A15: 6 | B15: Спасено материальных ценностей (тысяч тенге) | C15: =(BE15+BH15+BB15+AV15+BK15+BN15+AS15+AM15+U15+AD15+AG15+AA15+AJ15+R15+X15+O15+L15+AP15+AY15) -> 22700 | D15: =(BF15+BI15+BC15+AW15+BL15+BO15+AT15+AN15+V15+AE15+AH15+AB15+AK15+S15+Y15+P15+M15+AQ15+AZ15) -> 15600 | E15: =(BG15+BJ15+BD15+AX15+BM15+BP15+AU15+AO15+W15+AF15+AI15+AC15+AL15+T15+Z15+Q15+N15+AR15+BA15) -> 7100 | F15: 18200 | G15: 14100 | H15: 4100 | I15: =SUM(J15:K15) -> 1 | J15: =D15/C15*100% -> 0.68722467 | K15: =E15/C15*100% -> 0.31277533 | L15: =M15+N15 -> 0 | M15: ='спасено мат.ценостей'!D4 -> 0 | N15: ='спасено мат.ценостей'!E4 -> 0 | O15: =P15+Q15 -> 3000 | P15: ='спасено мат.ценостей'!D5 -> 1000 | Q15: ='спасено мат.ценостей'!E5 -> 2000 | R15: =S15+T15 -> 100 | S15: ='спасено мат.ценостей'!D6 -> 0 | T15: ='спасено мат.ценостей'!E6 -> 100 | U15: =V15+W15 -> 0 | V15: ='спасено мат.ценостей'!D7 -> 0 | W15: ='спасено мат.ценостей'!E7 -> 0 | X15: =Y15+Z15 -> 1000 | Y15: ='спасено мат.ценостей'!D8 -> 0 | Z15: ='спасено мат.ценостей'!E8 -> 1000 | AA15: =AB15+AC15 -> 0 | AB15: ='спасено мат.ценостей'!D9 -> 0 | AC15: ='спасено мат.ценостей'!E9 -> 0 | AD15: =AE15+AF15 -> 0 | AE15: ='спасено мат.ценостей'!D10 -> 0 | AF15: ='спасено мат.ценостей'!E10 -> 0 | AG15: =AH15+AI15 -> 0 | AH15: ='спасено мат.ценостей'!D11 -> 0 | AI15: ='спасено мат.ценостей'!E11 -> 0 | AJ15: =AK15+AL15 -> 1500 | AK15: ='спасено мат.ценостей'!D12 -> 1500 | AL15: ='спасено мат.ценостей'!E12 -> 0 | AM15: =AN15+AO15 -> 500 | AN15: ='спасено мат.ценостей'!D13 -> 0 | AO15: ='спасено мат.ценостей'!E13 -> 500 | AP15: =AQ15+AR15 -> 3000 | AQ15: ='спасено мат.ценостей'!D14 -> 0 | AR15: ='спасено мат.ценостей'!E14 -> 3000 | AS15: =AT15+AU15 -> 1000 | AT15: ='спасено мат.ценостей'!D15 -> 1000 | AU15: ='спасено мат.ценостей'!E15 -> 0 | AV15: =AW15+AX15 -> 0 | AW15: ='спасено мат.ценостей'!D16 -> 0 | AX15: ='спасено мат.ценостей'!E16 -> 0 | AY15: =AZ15+BA15 -> 1100 | AZ15: ='спасено мат.ценостей'!D17 -> 600 | BA15: ='спасено мат.ценостей'!E17 -> 500 | BB15: =BC15+BD15 -> 0 | BC15: ='спасено мат.ценостей'!D18 -> 0 | BD15: ='спасено мат.ценостей'!E18 -> 0 | BE15: =BF15+BG15 -> 0 | BF15: ='спасено мат.ценостей'!D19 -> 0 | BG15: ='спасено мат.ценостей'!E19 -> 0 | BH15: =BI15+BJ15 -> 0 | BI15: ='спасено мат.ценостей'!D20 -> 0 | BJ15: ='спасено мат.ценостей'!E20 -> 0 | BK15: =BL15+BM15 -> 10000 | BL15: ='спасено мат.ценостей'!D21 -> 10000 | BM15: ='спасено мат.ценостей'!E21 -> 0 | BN15: =BO15+BP15 -> 1500 | BO15: ='спасено мат.ценостей'!D22 -> 1500 | BP15: ='спасено мат.ценостей'!E22 -> 0
A19: Отчет за аналогичный период предыдущего года | I19: % от общего числа | L19: Аксуский | O19: Алакольский | R19: Балхашский | U19: Енбекшиказахский | X19: Ескельдинский | AA19: Жамбылский | AD19: Илийский | AG19: Карасайский | AJ19: Каратальский | AM19: Кербулакский | AP19: Коксуский | AS19: Панфиловский | AV19: Райымбекский | AY19: Саркандский | BB19: Талгарский | BE19: Уйгурский | BH19: г.Талдыкорган | BK19: г.Капшагай | BN19: г.Текели
A20: № | B20: Наименование показателей | C20: всего | D20: в городах | E20: в сельской местности | I20: всего | J20: в городах | K20: в сельской местности | L20: всего | M20: в городах | N20: в сельской местности | O20: всего | P20: в городах | Q20: в сельской местности | R20: всего | S20: в городах | T20: в сельской местности | U20: всего | V20: в городах | W20: в сельской местности | X20: всего | Y20: в городах | Z20: в сельской местности | AA20: всего | AB20: в городах | AC20: в сельской местности | AD20: всего | AE20: в городах | AF20: в сельской местности | AG20: всего | AH20: в городах | AI20: в сельской местности | AJ20: всего | AK20: в городах | AL20: в сельской местности | AM20: всего | AN20: в городах | AO20: в сельской местности | AP20: всего | AQ20: в городах | AR20: в сельской местности | AS20: всего | AT20: в городах | AU20: в сельской местности | AV20: всего | AW20: в городах | AX20: в сельской местности | AY20: всего | AZ20: в городах | BA20: в сельской местности | BB20: всего | BC20: в городах | BD20: в сельской местности | BE20: всего | BF20: в городах | BG20: в сельской местности | BH20: всего | BI20: в городах | BJ20: в сельской местности | BK20: всего | BL20: в городах | BM20: в сельской местности | BN20: всего | BO20: в городах | BP20: в сельской местности
A21: 1 | B21: Количество пожаров | C21: =BE21+BH21+BB21+AV21+BK21+BN21+AS21+AM21+U21+AD21+AG21+AA21+AJ21+R21+X21+O21+L21+AP21+AY21 -> 74 | D21: =BF21+BI21+BC21+AW21+BL21+BO21+AT21+AN21+V21+AE21+AH21+AB21+AK21+S21+Y21+P21+M21+AQ21+AZ21 -> 17 | E21: =BG21+BJ21+BD21+AX21+BM21+BP21+AU21+AO21+W21+AF21+AI21+AC21+AL21+T21+Z21+Q21+N21+AR21+BA21 -> 57 | I21: =SUM(J21:K21) -> 1 | J21: =D21/C21*100% -> 0.22972973 | K21: =E21/C21*100% -> 0.77027027 | L21: =M21+N21 -> 1 | N21: 1 | O21: =P21+Q21 -> 2 | P21: 1 | Q21: 1 | R21: =S21+T21 -> 2 | T21: 2 | U21: =V21+W21 -> 15 | V21: 2 | W21: 13 | X21: =Y21+Z21 -> 2 | Y21: 1 | Z21: 1 | AA21: =AB21+AC21 -> 1 | AC21: 1 | AD21: =AE21+AF21 -> 8 | AF21: 8 | AG21: =AH21+AI21 -> 10 | AH21: 1 | AI21: 9 | AJ21: =AK21+AL21 -> 2 | AK21: 2 | AM21: =AN21+AO21 -> 1 | AO21: 1 | AP21: =AQ21+AR21 -> 1 | AR21: 1 | AS21: =AT21+AU21 -> 4 | AT21: 1 | AU21: 3 | AV21: =AW21+AX21 -> 3 | AX21: 3 | AY21: =AZ21+BA21 -> 2 | BA21: 2 | BB21: =BC21+BD21 -> 9 | BC21: 3 | BD21: 6 | BE21: =BF21+BG21 -> 4 | BG21: 4 | BH21: =BI21+BJ21 -> 4 | BI21: 4 | BK21: =BL21+BM21 -> 3 | BL21: 2 | BM21: 1 | BN21: =BO21+BP21 -> 0
A22: 2 | B22: Сумма ущерба (тысяч тенге) | C22: =BE22+BH22+BB22+AV22+BK22+BN22+AS22+AM22+U22+AD22+AG22+AA22+AJ22+R22+X22+O22+L22+AP22+AY22 -> 3407 | D22: =BF22+BI22+BC22+AW22+BL22+BO22+AT22+AN22+V22+AE22+AH22+AB22+AK22+S22+Y22+P22+M22+AQ22+AZ22 -> 1450 | E22: =BG22+BJ22+BD22+AX22+BM22+BP22+AU22+AO22+W22+AF22+AI22+AC22+AL22+T22+Z22+Q22+N22+AR22+BA22 -> 1957 | I22: =SUM(J22:K22) -> 1 | J22: =D22/C22*100% -> 0.42559436 | K22: =E22/C22*100% -> 0.57440564 | L22: =M22+N22 -> 0 | O22: =P22+Q22 -> 0 | R22: =S22+T22 -> 80 | T22: 80 | U22: =V22+W22 -> 635 | W22: 635 | X22: =Y22+Z22 -> 10 | Z22: 10 | AA22: =AB22+AC22 -> 0 | AD22: =AE22+AF22 -> 0 | AG22: =AH22+AI22 -> 0 | AJ22: =AK22+AL22 -> 500 | AK22: 500 | AM22: =AN22+AO22 -> 0 | AP22: =AQ22+AR22 -> 600 | AR22: 600 | AS22: =AT22+AU22 -> 95 | AU22: 95 | AV22: =AW22+AX22 -> 117 | AX22: 117 | AY22: =AZ22+BA22 -> 120 | BA22: 120 | BB22: =BC22+BD22 -> 950 | BC22: 950 | BE22: =BF22+BG22 -> 300 | BG22: 300 | BH22: =BI22+BJ22 -> 0 | BK22: =BL22+BM22 -> 0 | BN22: =BO22+BP22 -> 0
A23: 3 | B23: Гибель людей (всего) из них: | C23: =BE23+BH23+BB23+AV23+BK23+BN23+AS23+AM23+U23+AD23+AG23+AA23+AJ23+R23+X23+O23+L23+AP23+AY23 -> 2 | D23: =BF23+BI23+BC23+AW23+BL23+BO23+AT23+AN23+V23+AE23+AH23+AB23+AK23+S23+Y23+P23+M23+AQ23+AZ23 -> 1 | E23: =BG23+BJ23+BD23+AX23+BM23+BP23+AU23+AO23+W23+AF23+AI23+AC23+AL23+T23+Z23+Q23+N23+AR23+BA23 -> 1 | I23: =SUM(J23:K23) -> 1 | J23: =D23/C23*100% -> 0.5 | K23: =E23/C23*100% -> 0.5 | L23: =M23+N23 -> 0 | O23: =P23+Q23 -> 1 | P23: 1 | R23: =S23+T23 -> 0 | U23: =V23+W23 -> 0 | X23: =Y23+Z23 -> 0 | AA23: =AB23+AC23 -> 0 | AD23: =AE23+AF23 -> 0 | AG23: =AH23+AI23 -> 0 | AJ23: =AK23+AL23 -> 0 | AM23: =AN23+AO23 -> 0 | AP23: =AQ23+AR23 -> 0 | AS23: =AT23+AU23 -> 0 | AV23: =AW23+AX23 -> 0 | AY23: =AZ23+BA23 -> 0 | BB23: =BC23+BD23 -> 0 | BE23: =BF23+BG23 -> 0 | BH23: =BI23+BJ23 -> 0 | BK23: =BL23+BM23 -> 1 | BM23: 1 | BN23: =BO23+BP23 -> 0
A24: 3.1. | B24: детей | C24: =BE24+BH24+BB24+AV24+BK24+BN24+AS24+AM24+U24+AD24+AG24+AA24+AJ24+R24+X24+O24+L24+AP24+AY24 -> 0 | D24: =BF24+BI24+BC24+AW24+BL24+BO24+AT24+AN24+V24+AE24+AH24+AB24+AK24+S24+Y24+P24+M24+AQ24+AZ24 -> 0 | E24: =BG24+BJ24+BD24+AX24+BM24+BP24+AU24+AO24+W24+AF24+AI24+AC24+AL24+T24+Z24+Q24+N24+AR24+BA24 -> 0 | I24: =SUM(J24:K24) -> #DIV/0! | J24: =D24/C24*100% -> #DIV/0! | K24: =E24/C24*100% -> #DIV/0! | L24: =M24+N24 -> 0 | O24: =P24+Q24 -> 0 | R24: =S24+T24 -> 0 | U24: =V24+W24 -> 0 | X24: =Y24+Z24 -> 0 | AA24: =AB24+AC24 -> 0 | AD24: =AE24+AF24 -> 0 | AG24: =AH24+AI24 -> 0 | AJ24: =AK24+AL24 -> 0 | AM24: =AN24+AO24 -> 0 | AP24: =AQ24+AR24 -> 0 | AS24: =AT24+AU24 -> 0 | AV24: =AW24+AX24 -> 0 | AY24: =AZ24+BA24 -> 0 | BB24: =BC24+BD24 -> 0 | BE24: =BF24+BG24 -> 0 | BH24: =BI24+BJ24 -> 0 | BK24: =BL24+BM24 -> 0 | BN24: =BO24+BP24 -> 0
A25: 3.2. | B25: лиц в нетрезвом состоянии | C25: =BE25+BH25+BB25+AV25+BK25+BN25+AS25+AM25+U25+AD25+AG25+AA25+AJ25+R25+X25+O25+L25+AP25+AY25 -> 1 | D25: =BF25+BI25+BC25+AW25+BL25+BO25+AT25+AN25+V25+AE25+AH25+AB25+AK25+S25+Y25+P25+M25+AQ25+AZ25 -> 1 | E25: =BG25+BJ25+BD25+AX25+BM25+BP25+AU25+AO25+W25+AF25+AI25+AC25+AL25+T25+Z25+Q25+N25+AR25+BA25 -> 0 | I25: =SUM(J25:K25) -> 1 | J25: =D25/C25*100% -> 1 | K25: =E25/C25*100% -> 0 | L25: =M25+N25 -> 0 | O25: =P25+Q25 -> 1 | P25: 1 | R25: =S25+T25 -> 0 | U25: =V25+W25 -> 0 | X25: =Y25+Z25 -> 0 | AA25: =AB25+AC25 -> 0 | AD25: =AE25+AF25 -> 0 | AG25: =AH25+AI25 -> 0 | AJ25: =AK25+AL25 -> 0 | AM25: =AN25+AO25 -> 0 | AP25: =AQ25+AR25 -> 0 | AS25: =AT25+AU25 -> 0 | AV25: =AW25+AX25 -> 0 | AY25: =AZ25+BA25 -> 0 | BB25: =BC25+BD25 -> 0 | BE25: =BF25+BG25 -> 0 | BH25: =BI25+BJ25 -> 0 | BK25: =BL25+BM25 -> 0 | BN25: =BO25+BP25 -> 0
A26: 3.3. | B26: лиц погибших от отравления угарным газом, в результате нарушений требований пожарной безопасности, не повлекших возникновения пожара | C26: =BE26+BH26+BB26+AV26+BK26+BN26+AS26+AM26+U26+AD26+AG26+AA26+AJ26+R26+X26+O26+L26+AP26+AY26 -> 8 | D26: =BF26+BI26+BC26+AW26+BL26+BO26+AT26+AN26+V26+AE26+AH26+AB26+AK26+S26+Y26+P26+M26+AQ26+AZ26 -> 0 | E26: =BG26+BJ26+BD26+AX26+BM26+BP26+AU26+AO26+W26+AF26+AI26+AC26+AL26+T26+Z26+Q26+N26+AR26+BA26 -> 8 | I26: =SUM(J26:K26) -> 1 | J26: =D26/C26*100% -> 0 | K26: =E26/C26*100% -> 1 | L26: =M26+N26 -> 0 | O26: =P26+Q26 -> 0 | R26: =S26+T26 -> 0 | U26: =V26+W26 -> 0 | X26: =Y26+Z26 -> 0 | AA26: =AB26+AC26 -> 0 | AD26: =AE26+AF26 -> 0 | AG26: =AH26+AI26 -> 6 | AI26: 6 | AJ26: =AK26+AL26 -> 0 | AM26: =AN26+AO26 -> 0 | AP26: =AQ26+AR26 -> 0 | AS26: =AT26+AU26 -> 0 | AV26: =AW26+AX26 -> 0 | AY26: =AZ26+BA26 -> 0 | BB26: =BC26+BD26 -> 2 | BD26: 2 | BE26: =BF26+BG26 -> 0 | BH26: =BI26+BJ26 -> 0 | BK26: =BL26+BM26 -> 0 | BN26: =BO26+BP26 -> 0
A27: 4 | B27: Травмировано людей на пожарах (всего) из них: | C27: =BE27+BH27+BB27+AV27+BK27+BN27+AS27+AM27+U27+AD27+AG27+AA27+AJ27+R27+X27+O27+L27+AP27+AY27 -> 3 | D27: =BF27+BI27+BC27+AW27+BL27+BO27+AT27+AN27+V27+AE27+AH27+AB27+AK27+S27+Y27+P27+M27+AQ27+AZ27 -> 0 | E27: =BG27+BJ27+BD27+AX27+BM27+BP27+AU27+AO27+W27+AF27+AI27+AC27+AL27+T27+Z27+Q27+N27+AR27+BA27 -> 3 | I27: =SUM(J27:K27) -> 1 | J27: =D27/C27*100% -> 0 | K27: =E27/C27*100% -> 1 | L27: =M27+N27 -> 0 | O27: =P27+Q27 -> 0 | R27: =S27+T27 -> 0 | U27: =V27+W27 -> 1 | W27: 1 | X27: =Y27+Z27 -> 0 | AA27: =AB27+AC27 -> 0 | AD27: =AE27+AF27 -> 1 | AF27: 1 | AG27: =AH27+AI27 -> 0 | AJ27: =AK27+AL27 -> 0 | AM27: =AN27+AO27 -> 0 | AP27: =AQ27+AR27 -> 0 | AS27: =AT27+AU27 -> 0 | AV27: =AW27+AX27 -> 0 | AY27: =AZ27+BA27 -> 0 | BB27: =BC27+BD27 -> 1 | BD27: 1 | BE27: =BF27+BG27 -> 0 | BH27: =BI27+BJ27 -> 0 | BK27: =BL27+BM27 -> 0 | BN27: =BO27+BP27 -> 0
A28: 4.1. | B28: лиц травмированных от отравления угарным газом, в результате нарушений требований пожарной безопасности, не повлекших возникновения пожара | C28: =BE28+BH28+BB28+AV28+BK28+BN28+AS28+AM28+U28+AD28+AG28+AA28+AJ28+R28+X28+O28+L28+AP28+AY28 -> 68 | D28: =BF28+BI28+BC28+AW28+BL28+BO28+AT28+AN28+V28+AE28+AH28+AB28+AK28+S28+Y28+P28+M28+AQ28+AZ28 -> 24 | E28: =BG28+BJ28+BD28+AX28+BM28+BP28+AU28+AO28+W28+AF28+AI28+AC28+AL28+T28+Z28+Q28+N28+AR28+BA28 -> 44 | I28: =SUM(J28:K28) -> 1 | J28: =D28/C28*100% -> 0.35294118 | K28: =E28/C28*100% -> 0.64705882 | L28: =M28+N28 -> 0 | O28: =P28+Q28 -> 0 | R28: =S28+T28 -> 2 | T28: 2 | U28: =V28+W28 -> 14 | V28: 5 | W28: 9 | X28: =Y28+Z28 -> 0 | AA28: =AB28+AC28 -> 0 | AD28: =AE28+AF28 -> 14 | AF28: 14 | AG28: =AH28+AI28 -> 9 | AI28: 9 | AJ28: =AK28+AL28 -> 6 | AK28: 2 | AL28: 4 | AM28: =AN28+AO28 -> 0 | AP28: =AQ28+AR28 -> 1 | AR28: 1 | AS28: =AT28+AU28 -> 0 | AV28: =AW28+AX28 -> 0 | AY28: =AZ28+BA28 -> 0 | BB28: =BC28+BD28 -> 10 | BC28: 5 | BD28: 5 | BE28: =BF28+BG28 -> 0 | BH28: =BI28+BJ28 -> 5 | BI28: 5 | BK28: =BL28+BM28 -> 7 | BL28: 7 | BN28: =BO28+BP28 -> 0
A29: 5 | B29: Спасено людей на пожарах | C29: =BE29+BH29+BB29+AV29+BK29+BN29+AS29+AM29+U29+AD29+AG29+AA29+AJ29+R29+X29+O29+L29+AP29+AY29 -> 0 | D29: =BF29+BI29+BC29+AW29+BL29+BO29+AT29+AN29+V29+AE29+AH29+AB29+AK29+S29+Y29+P29+M29+AQ29+AZ29 -> 0 | E29: =BG29+BJ29+BD29+AX29+BM29+BP29+AU29+AO29+W29+AF29+AI29+AC29+AL29+T29+Z29+Q29+N29+AR29+BA29 -> 0 | I29: =SUM(J29:K29) -> #DIV/0! | J29: =D29/C29*100% -> #DIV/0! | K29: =E29/C29*100% -> #DIV/0! | L29: =M29+N29 -> 0 | O29: =P29+Q29 -> 0 | R29: =S29+T29 -> 0 | U29: =V29+W29 -> 0 | X29: =Y29+Z29 -> 0 | AA29: =AB29+AC29 -> 0 | AD29: =AE29+AF29 -> 0 | AG29: =AH29+AI29 -> 0 | AJ29: =AK29+AL29 -> 0 | AM29: =AN29+AO29 -> 0 | AP29: =AQ29+AR29 -> 0 | AS29: =AT29+AU29 -> 0 | AV29: =AW29+AX29 -> 0 | AY29: =AZ29+BA29 -> 0 | BB29: =BC29+BD29 -> 0 | BE29: =BF29+BG29 -> 0 | BH29: =BI29+BJ29 -> 0 | BK29: =BL29+BM29 -> 0 | BN29: =BO29+BP29 -> 0
A30: 6 | B30: Спасено материальных ценностей (тысяч тенге) | C30: =(BE30+BH30+BB30+AV30+BK30+BN30+AS30+AM30+U30+AD30+AG30+AA30+AJ30+R30+X30+O30+L30+AP30+AY30) -> 24790.7 | D30: =(BF30+BI30+BC30+AW30+BL30+BO30+AT30+AN30+V30+AE30+AH30+AB30+AK30+S30+Y30+P30+M30+AQ30+AZ30) -> 3950 | E30: =(BG30+BJ30+BD30+AX30+BM30+BP30+AU30+AO30+W30+AF30+AI30+AC30+AL30+T30+Z30+Q30+N30+AR30+BA30) -> 20840.7 | I30: =SUM(J30:K30) -> 1 | J30: =D30/C30*100% -> 0.15933394 | K30: =E30/C30*100% -> 0.84066606 | L30: =M30+N30 -> 0 | O30: =P30+Q30 -> 1500 | P30: 1000 | Q30: 500 | R30: =S30+T30 -> 0 | U30: =V30+W30 -> 5500 | V30: 600 | W30: 4900 | X30: =Y30+Z30 -> 0 | AA30: =AB30+AC30 -> 0 | AD30: =AE30+AF30 -> 0 | AG30: =AH30+AI30 -> 0 | AJ30: =AK30+AL30 -> 700 | AK30: 700 | AM30: =AN30+AO30 -> 0 | AP30: =AQ30+AR30 -> 10100 | AR30: 10100 | AS30: =AT30+AU30 -> 2000.7 | AT30: 1000 | AU30: 1000.7 | AV30: =AW30+AX30 -> 140 | AX30: 140 | AY30: =AZ30+BA30 -> 100 | BA30: 100 | BB30: =BC30+BD30 -> 0 | BE30: =BF30+BG30 -> 4100 | BG30: 4100 | BH30: =BI30+BJ30 -> 0 | BK30: =BL30+BM30 -> 650 | BL30: 650 | BN30: =BO30+BP30 -> 0
A34: Сравнение на сколько | L34: Аксуский | O34: Алакольский | R34: Балхашский | U34: Енбекшиказахский | X34: Ескельдинский | AA34: Жамбылский | AD34: Илийский | AG34: Карасайский | AJ34: Каратальский | AM34: Кербулакский | AP34: Коксуский | AS34: Панфиловский | AV34: Райымбекский | AY34: Саркандский | BB34: Талгарский | BE34: Уйгурский | BH34: г.Талдыкорган | BK34: г.Капшагай | BN34: г.Текели
A35: № | B35: Наименование показателей | C35: всего | D35: в городах | E35: в сельской местности | L35: всего | M35: в городах | N35: в сельской местности | O35: всего | P35: в городах | Q35: в сельской местности | R35: всего | S35: в городах | T35: в сельской местности | U35: всего | V35: в городах | W35: в сельской местности | X35: всего | Y35: в городах | Z35: в сельской местности | AA35: всего | AB35: в городах | AC35: в сельской местности | AD35: всего | AE35: в городах | AF35: в сельской местности | AG35: всего | AH35: в городах | AI35: в сельской местности | AJ35: всего | AK35: в городах | AL35: в сельской местности | AM35: всего | AN35: в городах | AO35: в сельской местности | AP35: всего | AQ35: в городах | AR35: в сельской местности | AS35: всего | AT35: в городах | AU35: в сельской местности | AV35: всего | AW35: в городах | AX35: в сельской местности | AY35: всего | AZ35: в городах | BA35: в сельской местности | BB35: всего | BC35: в городах | BD35: в сельской местности | BE35: всего | BF35: в городах | BG35: в сельской местности | BH35: всего | BI35: в городах | BJ35: в сельской местности | BK35: всего | BL35: в городах | BM35: в сельской местности | BN35: всего | BO35: в городах | BP35: в сельской местности
A36: 1 | B36: Количество пожаров | C36: =C6-C21 -> -74 | D36: =D6-D21 -> -17 | E36: =E6-E21 -> -57 | L36: =L6-L21 -> -1 | M36: =M6-M21 -> 0 | N36: =N6-N21 -> -1 | O36: =O6-O21 -> -2 | P36: =P6-P21 -> -1 | Q36: =Q6-Q21 -> -1 | R36: =R6-R21 -> -2 | S36: =S6-S21 -> 0 | ... BP36: =BP6-BP21 -> 0
A37: 2 | B37: Сумма ущерба (тысяч тенге) | C37: =C7-C22 -> 16870.4 | D37: =D7-D22 -> 12730 | E37: =E7-E22 -> 4140.4 | L37: =L7-L22 -> 0 | M37: =M7-M22 -> 0 | N37: =N7-N22 -> 0 | O37: =O7-O22 -> 12310 | P37: =P7-P22 -> 10500 | Q37: =Q7-Q22 -> 1810 | R37: =R7-R22 -> -70 | S37: =S7-S22 -> 0 | ... BP37: =BP7-BP22 -> 0
A38: 3 | B38: Гибель людей (всего) из них: | C38: =C8-C23 -> 5 | D38: =D8-D23 -> 0 | E38: =E8-E23 -> 5 | L38: =L8-L23 -> 0 | M38: =M8-M23 -> 0 | N38: =N8-N23 -> 0 | O38: =O8-O23 -> 1 | P38: =P8-P23 -> -1 | Q38: =Q8-Q23 -> 2 | R38: =R8-R23 -> 0 | S38: =S8-S23 -> 0 | ... BP38: =BP8-BP23 -> 0
A39: 3.1. | B39: детей | C39: =C9-C24 -> 1 | D39: =D9-D24 -> 0 | E39: =E9-E24 -> 1 | L39: =L9-L24 -> 0 | M39: =M9-M24 -> 0 | N39: =N9-N24 -> 0 | O39: =O9-O24 -> 0 | P39: =P9-P24 -> 0 | Q39: =Q9-Q24 -> 0 | R39: =R9-R24 -> 0 | S39: =S9-S24 -> 0 | ... BP39: =BP9-BP24 -> 0
A40: 3.2. | B40: лиц в нетрезвом состоянии | C40: =C10-C25 -> -1 | D40: =D10-D25 -> -1 | E40: =E10-E25 -> 0 | L40: =L10-L25 -> 0 | M40: =M10-M25 -> 0 | N40: =N10-N25 -> 0 | O40: =O10-O25 -> -1 | P40: =P10-P25 -> -1 | Q40: =Q10-Q25 -> 0 | R40: =R10-R25 -> 0 | S40: =S10-S25 -> 0 | ... BP40: =BP10-BP25 -> 0
A41: 3.3. | B41: лиц погибших от отравления угарным газом, в результате нарушений требований пожарной безопасности, не повлекших возникновения пожара | C41: =C11-C26 -> -7 | D41: =D11-D26 -> 0 | E41: =E11-E26 -> -7 | L41: =L11-L26 -> 0 | M41: =M11-M26 -> 0 | N41: =N11-N26 -> 0 | O41: =O11-O26 -> 0 | P41: =P11-P26 -> 0 | Q41: =Q11-Q26 -> 0 | R41: =R11-R26 -> 0 | S41: =S11-S26 -> 0 | ... BP41: =BP11-BP26 -> 0
A42: 4 | B42: Травмировано людей на пожарах (всего) из них: | C42: =C12-C27 -> 7 | D42: =D12-D27 -> 1 | E42: =E12-E27 -> 6 | L42: =L12-L27 -> 0 | M42: =M12-M27 -> 0 | N42: =N12-N27 -> 0 | O42: =O12-O27 -> 1 | P42: =P12-P27 -> 0 | Q42: =Q12-Q27 -> 1 | R42: =R12-R27 -> 0 | S42: =S12-S27 -> 0 | ... BP42: =BP12-BP27 -> 0
A43: 4.1. | B43: лиц травмированных от отравления угарным газом, в результате нарушений требований пожарной безопасности, не повлекших возникновения пожара | C43: =C13-C28 -> 95 | D43: =D13-D28 -> 31 | E43: =E13-E28 -> 64 | L43: =L13-L28 -> 1 | M43: =M13-M28 -> 0 | N43: =N13-N28 -> 1 | O43: =O13-O28 -> 0 | P43: =P13-P28 -> 0 | Q43: =Q13-Q28 -> 0 | R43: =R13-R28 -> -2 | S43: =S13-S28 -> 0 | ... BP43: =BP13-BP28 -> 0
A44: 5 | B44: Спасено людей на пожарах | C44: =C14-C29 -> 0 | D44: =D14-D29 -> 0 | E44: =E14-E29 -> 0 | L44: =L14-L29 -> 0 | M44: =M14-M29 -> 0 | N44: =N14-N29 -> 0 | O44: =O14-O29 -> 0 | P44: =P14-P29 -> 0 | Q44: =Q14-Q29 -> 0 | R44: =R14-R29 -> 0 | S44: =S14-S29 -> 0 | ... BP44: =BP14-BP29 -> 0
A45: 6 | B45: Спасено материальных ценностей (тысяч тенге) | C45: =C15-C30 -> -2090.7 | D45: =D15-D30 -> 11650 | E45: =E15-E30 -> -13740.7 | L45: =L15-L30 -> 0 | M45: =M15-M30 -> 0 | N45: =N15-N30 -> 0 | O45: =O15-O30 -> 1500 | P45: =P15-P30 -> 0 | Q45: =Q15-Q30 -> 1500 | R45: =R15-R30 -> 100 | S45: =S15-S30 -> 0 | ... BP45: =BP15-BP30 -> 0
A50: Сравнение во сколько в % | L50: Аксуский | O50: Алакольский | R50: Балхашский | U50: Енбекшиказахский | X50: Ескельдинский | AA50: Жамбылский | AD50: Илийский | AG50: Карасайский | AJ50: Каратальский | AM50: Кербулакский | AP50: Коксуский | AS50: Панфиловский | AV50: Райымбекский | AY50: Саркандский | BB50: Талгарский | BE50: Уйгурский | BH50: г.Талдыкорган | BK50: г.Капшагай | BN50: г.Текели
A51: № | B51: Наименование показателей | C51: всего | D51: в городах | E51: в сельской местности | L51: всего | M51: в городах | N51: в сельской местности | O51: всего | P51: в городах | Q51: в сельской местности | R51: всего | S51: в городах | T51: в сельской местности | U51: всего | V51: в городах | W51: в сельской местности | X51: всего | Y51: в городах | Z51: в сельской местности | AA51: всего | AB51: в городах | AC51: в сельской местности | AD51: всего | AE51: в городах | AF51: в сельской местности | AG51: всего | AH51: в городах | AI51: в сельской местности | AJ51: всего | AK51: в городах | AL51: в сельской местности | AM51: всего | AN51: в городах | AO51: в сельской местности | AP51: всего | AQ51: в городах | AR51: в сельской местности | AS51: всего | AT51: в городах | AU51: в сельской местности | AV51: всего | AW51: в городах | AX51: в сельской местности | AY51: всего | AZ51: в городах | BA51: в сельской местности | BB51: всего | BC51: в городах | BD51: в сельской местности | BE51: всего | BF51: в городах | BG51: в сельской местности | BH51: всего | BI51: в городах | BJ51: в сельской местности | BK51: всего | BL51: в городах | BM51: в сельской местности | BN51: всего | BO51: в городах | BP51: в сельской местности
A52: 1 | B52: Количество пожаров | C52: =IF(C6>C21,(100%-C21/C6*100%),IF(C6<C21,(C6/C21*100%)-100%,0)) -> -1 | D52: =IF(D6>D21,(100%-D21/D6*100%),IF(D6<D21,(D6/D21*100%)-100%,0)) -> -1 | E52: =IF(E6>E21,(100%-E21/E6*100%),IF(E6<E21,(E6/E21*100%)-100%,0)) -> -1 | L52: =IF(L6>L21,(100%-L21/L6*100%),IF(L6<L21,(L6/L21*100%)-100%,0)) -> -1 | M52: =IF(M6>M21,(100%-M21/M6*100%),IF(M6<M21,(M6/M21*100%)-100%,0)) -> 0 | N52: =IF(N6>N21,(100%-N21/N6*100%),IF(N6<N21,(N6/N21*100%)-100%,0)) -> -1 | O52: =IF(O6>O21,(100%-O21/O6*100%),IF(O6<O21,(O6/O21*100%)-100%,0)) -> -1 | P52: =IF(P6>P21,(100%-P21/P6*100%),IF(P6<P21,(P6/P21*100%)-100%,0)) -> -1 | Q52: =IF(Q6>Q21,(100%-Q21/Q6*100%),IF(Q6<Q21,(Q6/Q21*100%)-100%,0)) -> -1 | R52: =IF(R6>R21,(100%-R21/R6*100%),IF(R6<R21,(R6/R21*100%)-100%,0)) -> -1 | S52: =IF(S6>S21,(100%-S21/S6*100%),IF(S6<S21,(S6/S21*100%)-100%,0)) -> 0 | ... BP52: =IF(BP6>BP21,(100%-BP21/BP6*100%),IF(BP6<BP21,(BP6/BP21*100%)-100%,0)) -> 0
A53: 2 | B53: Сумма ущерба (тысяч тенге) | C53: =IF(C7>C22,(100%-C22/C7*100%),IF(C7<C22,(C7/C22*100%)-100%,0)) -> 0.83198043 | D53: =IF(D7>D22,(100%-D22/D7*100%),IF(D7<D22,(D7/D22*100%)-100%,0)) -> 0.8977433 | E53: =IF(E7>E22,(100%-E22/E7*100%),IF(E7<E22,(E7/E22*100%)-100%,0)) -> 0.67904353 | L53: =IF(L7>L22,(100%-L22/L7*100%),IF(L7<L22,(L7/L22*100%)-100%,0)) -> 0 | M53: =IF(M7>M22,(100%-M22/M7*100%),IF(M7<M22,(M7/M22*100%)-100%,0)) -> 0 | N53: =IF(N7>N22,(100%-N22/N7*100%),IF(N7<N22,(N7/N22*100%)-100%,0)) -> 0 | O53: =IF(O7>O22,(100%-O22/O7*100%),IF(O7<O22,(O7/O22*100%)-100%,0)) -> 1 | P53: =IF(P7>P22,(100%-P22/P7*100%),IF(P7<P22,(P7/P22*100%)-100%,0)) -> 1 | Q53: =IF(Q7>Q22,(100%-Q22/Q7*100%),IF(Q7<Q22,(Q7/Q22*100%)-100%,0)) -> 1 | R53: =IF(R7>R22,(100%-R22/R7*100%),IF(R7<R22,(R7/R22*100%)-100%,0)) -> -0.875 | S53: =IF(S7>S22,(100%-S22/S7*100%),IF(S7<S22,(S7/S22*100%)-100%,0)) -> 0 | ... BP53: =IF(BP7>BP22,(100%-BP22/BP7*100%),IF(BP7<BP22,(BP7/BP22*100%)-100%,0)) -> 0
A54: 3 | B54: Гибель людей (всего) из них: | C54: =IF(C8>C23,(100%-C23/C8*100%),IF(C8<C23,(C8/C23*100%)-100%,0)) -> 0.71428571 | D54: =IF(D8>D23,(100%-D23/D8*100%),IF(D8<D23,(D8/D23*100%)-100%,0)) -> 0 | E54: =IF(E8>E23,(100%-E23/E8*100%),IF(E8<E23,(E8/E23*100%)-100%,0)) -> 0.83333333 | L54: =IF(L8>L23,(100%-L23/L8*100%),IF(L8<L23,(L8/L23*100%)-100%,0)) -> 0 | M54: =IF(M8>M23,(100%-M23/M8*100%),IF(M8<M23,(M8/M23*100%)-100%,0)) -> 0 | N54: =IF(N8>N23,(100%-N23/N8*100%),IF(N8<N23,(N8/N23*100%)-100%,0)) -> 0 | O54: =IF(O8>O23,(100%-O23/O8*100%),IF(O8<O23,(O8/O23*100%)-100%,0)) -> 0.5 | P54: =IF(P8>P23,(100%-P23/P8*100%),IF(P8<P23,(P8/P23*100%)-100%,0)) -> -1 | Q54: =IF(Q8>Q23,(100%-Q23/Q8*100%),IF(Q8<Q23,(Q8/Q23*100%)-100%,0)) -> 1 | R54: =IF(R8>R23,(100%-R23/R8*100%),IF(R8<R23,(R8/R23*100%)-100%,0)) -> 0 | S54: =IF(S8>S23,(100%-S23/S8*100%),IF(S8<S23,(S8/S23*100%)-100%,0)) -> 0 | ... BP54: =IF(BP8>BP23,(100%-BP23/BP8*100%),IF(BP8<BP23,(BP8/BP23*100%)-100%,0)) -> 0
A55: 3.1. | B55: детей | C55: =IF(C9>C24,(100%-C24/C9*100%),IF(C9<C24,(C9/C24*100%)-100%,0)) -> 1 | D55: =IF(D9>D24,(100%-D24/D9*100%),IF(D9<D24,(D9/D24*100%)-100%,0)) -> 0 | E55: =IF(E9>E24,(100%-E24/E9*100%),IF(E9<E24,(E9/E24*100%)-100%,0)) -> 1 | L55: =IF(L9>L24,(100%-L24/L9*100%),IF(L9<L24,(L9/L24*100%)-100%,0)) -> 0 | M55: =IF(M9>M24,(100%-M24/M9*100%),IF(M9<M24,(M9/M24*100%)-100%,0)) -> 0 | N55: =IF(N9>N24,(100%-N24/N9*100%),IF(N9<N24,(N9/N24*100%)-100%,0)) -> 0 | O55: =IF(O9>O24,(100%-O24/O9*100%),IF(O9<O24,(O9/O24*100%)-100%,0)) -> 0 | P55: =IF(P9>P24,(100%-P24/P9*100%),IF(P9<P24,(P9/P24*100%)-100%,0)) -> 0 | Q55: =IF(Q9>Q24,(100%-Q24/Q9*100%),IF(Q9<Q24,(Q9/Q24*100%)-100%,0)) -> 0 | R55: =IF(R9>R24,(100%-R24/R9*100%),IF(R9<R24,(R9/R24*100%)-100%,0)) -> 0 | S55: =IF(S9>S24,(100%-S24/S9*100%),IF(S9<S24,(S9/S24*100%)-100%,0)) -> 0 | ... BP55: =IF(BP9>BP24,(100%-BP24/BP9*100%),IF(BP9<BP24,(BP9/BP24*100%)-100%,0)) -> 0
A56: 3.2. | B56: лиц в нетрезвом состоянии | C56: =IF(C10>C25,(100%-C25/C10*100%),IF(C10<C25,(C10/C25*100%)-100%,0)) -> -1 | D56: =IF(D10>D25,(100%-D25/D10*100%),IF(D10<D25,(D10/D25*100%)-100%,0)) -> -1 | E56: =IF(E10>E25,(100%-E25/E10*100%),IF(E10<E25,(E10/E25*100%)-100%,0)) -> 0 | L56: =IF(L10>L25,(100%-L25/L10*100%),IF(L10<L25,(L10/L25*100%)-100%,0)) -> 0 | M56: =IF(M10>M25,(100%-M25/M10*100%),IF(M10<M25,(M10/M25*100%)-100%,0)) -> 0 | N56: =IF(N10>N25,(100%-N25/N10*100%),IF(N10<N25,(N10/N25*100%)-100%,0)) -> 0 | O56: =IF(O10>O25,(100%-O25/O10*100%),IF(O10<O25,(O10/O25*100%)-100%,0)) -> -1 | P56: =IF(P10>P25,(100%-P25/P10*100%),IF(P10<P25,(P10/P25*100%)-100%,0)) -> -1 | Q56: =IF(Q10>Q25,(100%-Q25/Q10*100%),IF(Q10<Q25,(Q10/Q25*100%)-100%,0)) -> 0 | R56: =IF(R10>R25,(100%-R25/R10*100%),IF(R10<R25,(R10/R25*100%)-100%,0)) -> 0 | S56: =IF(S10>S25,(100%-S25/S10*100%),IF(S10<S25,(S10/S25*100%)-100%,0)) -> 0 | ... BP56: =IF(BP10>BP25,(100%-BP25/BP10*100%),IF(BP10<BP25,(BP10/BP25*100%)-100%,0)) -> 0
A57: 3.3. | B57: лиц погибших от отравления угарным газом, в результате нарушений требований пожарной безопасности, не повлекших возникновения пожара | C57: =IF(C11>C26,(100%-C26/C11*100%),IF(C11<C26,(C11/C26*100%)-100%,0)) -> -0.875 | D57: =IF(D11>D26,(100%-D26/D11*100%),IF(D11<D26,(D11/D26*100%)-100%,0)) -> 0 | E57: =IF(E11>E26,(100%-E26/E11*100%),IF(E11<E26,(E11/E26*100%)-100%,0)) -> -0.875 | L57: =IF(L11>L26,(100%-L26/L11*100%),IF(L11<L26,(L11/L26*100%)-100%,0)) -> 0 | M57: =IF(M11>M26,(100%-M26/M11*100%),IF(M11<M26,(M11/M26*100%)-100%,0)) -> 0 | N57: =IF(N11>N26,(100%-N26/N11*100%),IF(N11<N26,(N11/N26*100%)-100%,0)) -> 0 | O57: =IF(O11>O26,(100%-O26/O11*100%),IF(O11<O26,(O11/O26*100%)-100%,0)) -> 0 | P57: =IF(P11>P26,(100%-P26/P11*100%),IF(P11<P26,(P11/P26*100%)-100%,0)) -> 0 | Q57: =IF(Q11>Q26,(100%-Q26/Q11*100%),IF(Q11<Q26,(Q11/Q26*100%)-100%,0)) -> 0 | R57: =IF(R11>R26,(100%-R26/R11*100%),IF(R11<R26,(R11/R26*100%)-100%,0)) -> 0 | S57: =IF(S11>S26,(100%-S26/S11*100%),IF(S11<S26,(S11/S26*100%)-100%,0)) -> 0 | ... BP57: =IF(BP11>BP26,(100%-BP26/BP11*100%),IF(BP11<BP26,(BP11/BP26*100%)-100%,0)) -> 0
A58: 4 | B58: Травмировано людей на пожарах (всего) из них: | C58: =IF(C12>C27,(100%-C27/C12*100%),IF(C12<C27,(C12/C27*100%)-100%,0)) -> 0.7 | D58: =IF(D12>D27,(100%-D27/D12*100%),IF(D12<D27,(D12/D27*100%)-100%,0)) -> 1 | E58: =IF(E12>E27,(100%-E27/E12*100%),IF(E12<E27,(E12/E27*100%)-100%,0)) -> 0.66666667 | L58: =IF(L12>L27,(100%-L27/L12*100%),IF(L12<L27,(L12/L27*100%)-100%,0)) -> 0 | M58: =IF(M12>M27,(100%-M27/M12*100%),IF(M12<M27,(M12/M27*100%)-100%,0)) -> 0 | N58: =IF(N12>N27,(100%-N27/N12*100%),IF(N12<N27,(N12/N27*100%)-100%,0)) -> 0 | O58: =IF(O12>O27,(100%-O27/O12*100%),IF(O12<O27,(O12/O27*100%)-100%,0)) -> 1 | P58: =IF(P12>P27,(100%-P27/P12*100%),IF(P12<P27,(P12/P27*100%)-100%,0)) -> 0 | Q58: =IF(Q12>Q27,(100%-Q27/Q12*100%),IF(Q12<Q27,(Q12/Q27*100%)-100%,0)) -> 1 | R58: =IF(R12>R27,(100%-R27/R12*100%),IF(R12<R27,(R12/R27*100%)-100%,0)) -> 0 | S58: =IF(S12>S27,(100%-S27/S12*100%),IF(S12<S27,(S12/S27*100%)-100%,0)) -> 0 | ... BP58: =IF(BP12>BP27,(100%-BP27/BP12*100%),IF(BP12<BP27,(BP12/BP27*100%)-100%,0)) -> 0
A59: 4.1. | B59: лиц травмированных от отравления угарным газом, в результате нарушений требований пожарной безопасности, не повлекших возникновения пожара | C59: =IF(C13>C28,(100%-C28/C13*100%),IF(C13<C28,(C13/C28*100%)-100%,0)) -> 0.58282209 | D59: =IF(D13>D28,(100%-D28/D13*100%),IF(D13<D28,(D13/D28*100%)-100%,0)) -> 0.56363636 | E59: =IF(E13>E28,(100%-E28/E13*100%),IF(E13<E28,(E13/E28*100%)-100%,0)) -> 0.59259259 | L59: =IF(L13>L28,(100%-L28/L13*100%),IF(L13<L28,(L13/L28*100%)-100%,0)) -> 1 | M59: =IF(M13>M28,(100%-M28/M13*100%),IF(M13<M28,(M13/M28*100%)-100%,0)) -> 0 | N59: =IF(N13>N28,(100%-N28/N13*100%),IF(N13<N28,(N13/N28*100%)-100%,0)) -> 1 | O59: =IF(O13>O28,(100%-O28/O13*100%),IF(O13<O28,(O13/O28*100%)-100%,0)) -> 0 | P59: =IF(P13>P28,(100%-P28/P13*100%),IF(P13<P28,(P13/P28*100%)-100%,0)) -> 0 | Q59: =IF(Q13>Q28,(100%-Q28/Q13*100%),IF(Q13<Q28,(Q13/Q28*100%)-100%,0)) -> 0 | R59: =IF(R13>R28,(100%-R28/R13*100%),IF(R13<R28,(R13/R28*100%)-100%,0)) -> -1 | S59: =IF(S13>S28,(100%-S28/S13*100%),IF(S13<S28,(S13/S28*100%)-100%,0)) -> 0 | ... BP59: =IF(BP13>BP28,(100%-BP28/BP13*100%),IF(BP13<BP28,(BP13/BP28*100%)-100%,0)) -> 0
A60: 5 | B60: Спасено людей на пожарах | C60: =IF(C14>C29,(100%-C29/C14*100%),IF(C14<C29,(C14/C29*100%)-100%,0)) -> 0 | D60: =IF(D14>D29,(100%-D29/D14*100%),IF(D14<D29,(D14/D29*100%)-100%,0)) -> 0 | E60: =IF(E14>E29,(100%-E29/E14*100%),IF(E14<E29,(E14/E29*100%)-100%,0)) -> 0 | L60: =IF(L14>L29,(100%-L29/L14*100%),IF(L14<L29,(L14/L29*100%)-100%,0)) -> 0 | M60: =IF(M14>M29,(100%-M29/M14*100%),IF(M14<M29,(M14/M29*100%)-100%,0)) -> 0 | N60: =IF(N14>N29,(100%-N29/N14*100%),IF(N14<N29,(N14/N29*100%)-100%,0)) -> 0 | O60: =IF(O14>O29,(100%-O29/O14*100%),IF(O14<O29,(O14/O29*100%)-100%,0)) -> 0 | P60: =IF(P14>P29,(100%-P29/P14*100%),IF(P14<P29,(P14/P29*100%)-100%,0)) -> 0 | Q60: =IF(Q14>Q29,(100%-Q29/Q14*100%),IF(Q14<Q29,(Q14/Q29*100%)-100%,0)) -> 0 | R60: =IF(R14>R29,(100%-R29/R14*100%),IF(R14<R29,(R14/R29*100%)-100%,0)) -> 0 | S60: =IF(S14>S29,(100%-S29/S14*100%),IF(S14<S29,(S14/S29*100%)-100%,0)) -> 0 | ... BP60: =IF(BP14>BP29,(100%-BP29/BP14*100%),IF(BP14<BP29,(BP14/BP29*100%)-100%,0)) -> 0
A61: 6 | B61: Спасено материальных ценностей (тысяч тенге) | C61: =IF(C15>C30,(100%-C30/C15*100%),IF(C15<C30,(C15/C30*100%)-100%,0)) -> -0.084334045 | D61: =IF(D15>D30,(100%-D30/D15*100%),IF(D15<D30,(D15/D30*100%)-100%,0)) -> 0.74679487 | E61: =IF(E15>E30,(100%-E30/E15*100%),IF(E15<E30,(E15/E30*100%)-100%,0)) -> -0.65932046 | L61: =IF(L15>L30,(100%-L30/L15*100%),IF(L15<L30,(L15/L30*100%)-100%,0)) -> 0 | M61: =IF(M15>M30,(100%-M30/M15*100%),IF(M15<M30,(M15/M30*100%)-100%,0)) -> 0 | N61: =IF(N15>N30,(100%-N30/N15*100%),IF(N15<N30,(N15/N30*100%)-100%,0)) -> 0 | O61: =IF(O15>O30,(100%-O30/O15*100%),IF(O15<O30,(O15/O30*100%)-100%,0)) -> 0.5 | P61: =IF(P15>P30,(100%-P30/P15*100%),IF(P15<P30,(P15/P30*100%)-100%,0)) -> 0 | Q61: =IF(Q15>Q30,(100%-Q30/Q15*100%),IF(Q15<Q30,(Q15/Q30*100%)-100%,0)) -> 0.75 | R61: =IF(R15>R30,(100%-R30/R15*100%),IF(R15<R30,(R15/R30*100%)-100%,0)) -> 1 | S61: =IF(S15>S30,(100%-S30/S15*100%),IF(S15<S30,(S15/S30*100%)-100%,0)) -> 0 | ... BP61: =IF(BP15>BP30,(100%-BP30/BP15*100%),IF(BP15<BP30,(BP15/BP30*100%)-100%,0)) -> 0

Sheet Ф2
B1: на территории Алматинской области | C1: (форма 2)
B2: Сведения о случаях горения, не подлежащие учету как пожары на территории Алматинской области
A4: № п/п | B4: Случаи горения, не подлежащие учету как пожары | C4: Количество случаев | D4: январь | E4: % от общего числа | F4: Аксуский | G4: Алакольский | H4: Балхашский | I4: Енбекшиказахский | J4: Ескельдинский | K4: Жамбылский | L4: Илийский | M4: Карасайский | N4: Каратальский | O4: Кербулакский | P4: Коксуский | Q4: Панфиловский | R4: Райымбекский | S4: Саркандский | T4: Талгарский | U4: Уйгурский | V4: г.Талдыкорган | W4: г.Капшагай | X4: г.Текели
A5: 1 | B5: Случаи горения, обусловленные спецификой технологического процесса производства (заложенные в технологический регламент или другую техническую документацию) или условиями работы промышленных установок и агрегатов, а также бытовых печей для обогрева помещений | C5: =SUM(F5:X5) -> 41 | D5: 19 | E5: =C5/C16*100% -> 0.55405405 | F5: =SUMIFS(задым!A4:A10001,задым!E4:E10001,F4) -> 1 | G5: =SUMIFS(задым!A4:A10001,задым!E4:E10001,G4) -> 1 | H5: =SUMIFS(задым!A4:A10001,задым!E4:E10001,H4) -> 0 | I5: =SUMIFS(задым!A4:A10001,задым!E4:E10001,I4) -> 7 | J5: =SUMIFS(задым!A4:A10001,задым!E4:E10001,J4) -> 2 | K5: =SUMIFS(задым!A4:A10001,задым!E4:E10001,K4) -> 2 | L5: =SUMIFS(задым!A4:A10001,задым!E4:E10001,L4) -> 4 | M5: =SUMIFS(задым!A4:A10001,задым!E4:E10001,M4) -> 0 | N5: =SUMIFS(задым!A4:A10001,задым!E4:E10001,N4) -> 2 | O5: =SUMIFS(задым!A4:A10001,задым!E4:E10001,O4) -> 0 | P5: =SUMIFS(задым!A4:A10001,задым!E4:E10001,P4) -> 0 | Q5: =SUMIFS(задым!A4:A10001,задым!E4:E10001,Q4) -> 5 | R5: =SUMIFS(задым!A4:A10001,задым!E4:E10001,R4) -> 0 | S5: =SUMIFS(задым!A4:A10001,задым!E4:E10001,S4) -> 0 | T5: =SUMIFS(задым!A4:A10001,задым!E4:E10001,T4) -> 2 | U5: =SUMIFS(задым!A4:A10001,задым!E4:E10001,U4) -> 2 | V5: =SUMIFS(задым!A4:A10001,задым!E4:E10001,V4) -> 12 | W5: =SUMIFS(задым!A4:A10001,задым!E4:E10001,W4) -> 0 | X5: =SUMIFS(задым!A4:A10001,задым!E4:E10001,X4) -> 1
A6: 2 | B6: Случаи горения, как результат обработки предметов огнем, теплом, или иным термическим (тепловым) воздействием с целью их переработки, изменения качественных характеристик (сушка, варка, глажение, копчение, жаренье, плавление и прочее) | C6: =SUM(F6:X6) -> 0 | D6: 0 | E6: =C6/C16*100% -> 0 | F6: =SUMIFS(обр.огнем!A4:A10000,обр.огнем!E4:E10000,F4) -> 0 | G6: =SUMIFS(обр.огнем!A4:A10000,обр.огнем!E4:E10000,G4) -> 0 | H6: =SUMIFS(обр.огнем!A4:A10000,обр.огнем!E4:E10000,H4) -> 0 | I6: =SUMIFS(обр.огнем!A4:A10000,обр.огнем!E4:E10000,I4) -> 0 | J6: =SUMIFS(обр.огнем!A4:A10000,обр.огнем!E4:E10000,J4) -> 0 | K6: =SUMIFS(обр.огнем!A4:A10000,обр.огнем!E4:E10000,K4) -> 0 | L6: =SUMIFS(обр.огнем!A4:A10000,обр.огнем!E4:E10000,L4) -> 0 | M6: =SUMIFS(обр.огнем!A4:A10000,обр.огнем!E4:E10000,M4) -> 0 | N6: =SUMIFS(обр.огнем!A4:A10000,обр.огнем!E4:E10000,N4) -> 0 | O6: =SUMIFS(обр.огнем!A4:A10000,обр.огнем!E4:E10000,O4) -> 0 | P6: =SUMIFS(обр.огнем!A4:A10000,обр.огнем!E4:E10000,P4) -> 0 | Q6: =SUMIFS(обр.огнем!A4:A10000,обр.огнем!E4:E10000,Q4) -> 0 | R6: =SUMIFS(обр.огнем!A4:A10000,обр.огнем!E4:E10000,R4) -> 0 | S6: =SUMIFS(обр.огнем!A4:A10000,обр.огнем!E4:E10000,S4) -> 0 | T6: =SUMIFS(обр.огнем!A4:A10000,обр.огнем!E4:E10000,T4) -> 0 | U6: =SUMIFS(обр.огнем!A4:A10000,обр.огнем!E4:E10000,U4) -> 0 | V6: =SUMIFS(обр.огнем!A4:A10000,обр.огнем!E4:E10000,V4) -> 0 | W6: =SUMIFS(обр.огнем!A4:A10000,обр.огнем!E4:E10000,W4) -> 0 | X6: =SUMIFS(обр.огнем!A4:A10000,обр.огнем!E4:E10000,X4) -> 0
A7: 3 | B7: Взрывы, вспышки и разряды статического электричества, не вызвавшие возникновения пожара | C7: =SUM(F7:X7) -> 0 | D7: 0 | E7: =C7/C16*100% -> 0 | F7: =SUMIFS(вспыш!A4:A10000,вспыш!E4:E10000,F4) -> 0 | G7: =SUMIFS(вспыш!A4:A10000,вспыш!E4:E10000,G4) -> 0 | H7: =SUMIFS(вспыш!A4:A10000,вспыш!E4:E10000,H4) -> 0 | I7: =SUMIFS(вспыш!A4:A10000,вспыш!E4:E10000,I4) -> 0 | J7: =SUMIFS(вспыш!A4:A10000,вспыш!E4:E10000,J4) -> 0 | K7: =SUMIFS(вспыш!A4:A10000,вспыш!E4:E10000,K4) -> 0 | L7: =SUMIFS(вспыш!A4:A10000,вспыш!E4:E10000,L4) -> 0 | M7: =SUMIFS(вспыш!A4:A10000,вспыш!E4:E10000,M4) -> 0 | N7: =SUMIFS(вспыш!A4:A10000,вспыш!E4:E10000,N4) -> 0 | O7: =SUMIFS(вспыш!A4:A10000,вспыш!E4:E10000,O4) -> 0 | P7: =SUMIFS(вспыш!A4:A10000,вспыш!E4:E10000,P4) -> 0 | Q7: =SUMIFS(вспыш!A4:A10000,вспыш!E4:E10000,Q4) -> 0 | R7: =SUMIFS(вспыш!A4:A10000,вспыш!E4:E10000,R4) -> 0 | S7: =SUMIFS(вспыш!A4:A10000,вспыш!E4:E10000,S4) -> 0 | T7: =SUMIFS(вспыш!A4:A10000,вспыш!E4:E10000,T4) -> 0 | U7: =SUMIFS(вспыш!A4:A10000,вспыш!E4:E10000,U4) -> 0 | V7: =SUMIFS(вспыш!A4:A10000,вспыш!E4:E10000,V4) -> 0 | W7: =SUMIFS(вспыш!A4:A10000,вспыш!E4:E10000,W4) -> 0 | X7: =SUMIFS(вспыш!A4:A10000,вспыш!E4:E10000,X4) -> 0
A8: 4 | B8: Случаи коротких замыканий электросетей, в электрооборудовании, бытовых и промышленных электроприборах, не вызвавшие распространения горения за пределы аппарата, агрегата и механизма | C8: =SUM(F8:X8) -> 16 | D8: 7 | E8: =C8/C16*100% -> 0.21621622 | F8: =SUMIFS(КЗ!A4:A10012,КЗ!E4:E10012,F4) -> 0 | G8: =SUMIFS(КЗ!A4:A10012,КЗ!E4:E10012,G4) -> 0 | H8: =SUMIFS(КЗ!A4:A10012,КЗ!E4:E10012,H4) -> 0 | I8: =SUMIFS(КЗ!A4:A10012,КЗ!E4:E10012,I4) -> 0 | J8: =SUMIFS(КЗ!A4:A10012,КЗ!E4:E10012,J4) -> 0 | K8: =SUMIFS(КЗ!A4:A10012,КЗ!E4:E10012,K4) -> 0 | L8: =SUMIFS(КЗ!A4:A10012,КЗ!E4:E10012,L4) -> 2 | M8: =SUMIFS(КЗ!A4:A10012,КЗ!E4:E10012,M4) -> 1 | N8: =SUMIFS(КЗ!A4:A10012,КЗ!E4:E10012,N4) -> 0 | O8: =SUMIFS(КЗ!A4:A10012,КЗ!E4:E10012,O4) -> 0 | P8: =SUMIFS(КЗ!A4:A10012,КЗ!E4:E10012,P4) -> 1 | Q8: =SUMIFS(КЗ!A4:A10012,КЗ!E4:E10012,Q4) -> 1 | R8: =SUMIFS(КЗ!A4:A10012,КЗ!E4:E10012,R4) -> 0 | S8: =SUMIFS(КЗ!A4:A10012,КЗ!E4:E10012,S4) -> 0 | T8: =SUMIFS(КЗ!A4:A10012,КЗ!E4:E10012,T4) -> 4 | U8: =SUMIFS(КЗ!A4:A10012,КЗ!E4:E10012,U4) -> 0 | V8: =SUMIFS(КЗ!A4:A10012,КЗ!E4:E10012,V4) -> 7 | W8: =SUMIFS(КЗ!A4:A10012,КЗ!E4:E10012,W4) -> 0 | X8: =SUMIFS(КЗ!A4:A10012,КЗ!E4:E10012,X4) -> 0
A9: 5 | B9: Случаи задымления при неисправности бытовых электроприборов и сгорания пищи при ее приготовлении, не вызвавшие возникновения пожара | C9: =SUM(F9:X9) -> 4 | D9: 1 | E9: =C9/C16*100% -> 0.054054054 | F9: =SUMIFS('подгор.пищи '!A4:A10001,'подгор.пищи '!E4:E10001,F4) -> 0 | G9: =SUMIFS('подгор.пищи '!A4:A10001,'подгор.пищи '!E4:E10001,G4) -> 0 | H9: =SUMIFS('подгор.пищи '!A4:A10001,'подгор.пищи '!E4:E10001,H4) -> 0 | I9: =SUMIFS('подгор.пищи '!A4:A10001,'подгор.пищи '!E4:E10001,I4) -> 0 | J9: =SUMIFS('подгор.пищи '!A4:A10001,'подгор.пищи '!E4:E10001,J4) -> 0 | K9: =SUMIFS('подгор.пищи '!A4:A10001,'подгор.пищи '!E4:E10001,K4) -> 0 | L9: =SUMIFS('подгор.пищи '!A4:A10001,'подгор.пищи '!E4:E10001,L4) -> 0 | M9: =SUMIFS('подгор.пищи '!A4:A10001,'подгор.пищи '!E4:E10001,M4) -> 0 | N9: =SUMIFS('подгор.пищи '!A4:A10001,'подгор.пищи '!E4:E10001,N4) -> 0 | O9: =SUMIFS('подгор.пищи '!A4:A10001,'подгор.пищи '!E4:E10001,O4) -> 0 | P9: =SUMIFS('подгор.пищи '!A4:A10001,'подгор.пищи '!E4:E10001,P4) -> 0 | Q9: =SUMIFS('подгор.пищи '!A4:A10001,'подгор.пищи '!E4:E10001,Q4) -> 0 | R9: =SUMIFS('подгор.пищи '!A4:A10001,'подгор.пищи '!E4:E10001,R4) -> 0 | S9: =SUMIFS('подгор.пищи '!A4:A10001,'подгор.пищи '!E4:E10001,S4) -> 0 | T9: =SUMIFS('подгор.пищи '!A4:A10001,'подгор.пищи '!E4:E10001,T4) -> 0 | U9: =SUMIFS('подгор.пищи '!A4:A10001,'подгор.пищи '!E4:E10001,U4) -> 0 | V9: =SUMIFS('подгор.пищи '!A4:A10001,'подгор.пищи '!E4:E10001,V4) -> 3 | W9: =SUMIFS('подгор.пищи '!A4:A10001,'подгор.пищи '!E4:E10001,W4) -> 0 | X9: =SUMIFS('подгор.пищи '!A4:A10001,'подгор.пищи '!E4:E10001,X4) -> 1
A10: 6 | B10: Загорания бесхозных зданий и бесхозных транспортных средств, сухой травы, листьев, тополиного пуха на открытых территориях и степных массивах, пожнивных остатков, стерни, а также мусора на свалках, пустырях, на территории домовладений и объектов хозяйствования, обочинах дорог, контейнерных площадок для его сбора, в контейнерах (урнах) для его сбора, в лифтовых шахтах (лифтах) жилых домов, в мусоросборниках (мусоропроводах) жилых домов, на лестничных клетках жилых домов, в подвальных и чердачных помещениях жилых домов | C10: =SUM(F10:X10) -> 12 | D10: 10 | E10: =C10/C16*100% -> 0.16216216 | F10: =SUMIFS(Трава!A5:A10010,Трава!E5:E10010,F4)+SUMIFS(мусор!A4:A10001,мусор!E4:E10001,F4) -> 0 | G10: =SUMIFS(Трава!A5:A10010,Трава!E5:E10010,G4)+SUMIFS(мусор!A4:A10001,мусор!E4:E10001,G4) -> 0 | H10: =SUMIFS(Трава!A5:A10010,Трава!E5:E10010,H4)+SUMIFS(мусор!A4:A10001,мусор!E4:E10001,H4) -> 0 | I10: =SUMIFS(Трава!A5:A10010,Трава!E5:E10010,I4)+SUMIFS(мусор!A4:A10001,мусор!E4:E10001,I4) -> 2 | J10: =SUMIFS(Трава!A5:A10010,Трава!E5:E10010,J4)+SUMIFS(мусор!A4:A10001,мусор!E4:E10001,J4) -> 0 | K10: =SUMIFS(Трава!A5:A10010,Трава!E5:E10010,K4)+SUMIFS(мусор!A4:A10001,мусор!E4:E10001,K4) -> 0 | L10: =SUMIFS(Трава!A5:A10010,Трава!E5:E10010,L4)+SUMIFS(мусор!A4:A10001,мусор!E4:E10001,L4) -> 1 | M10: =SUMIFS(Трава!A5:A10010,Трава!E5:E10010,M4)+SUMIFS(мусор!A4:A10001,мусор!E4:E10001,M4) -> 1 | N10: =SUMIFS(Трава!A5:A10010,Трава!E5:E10010,N4)+SUMIFS(мусор!A4:A10001,мусор!E4:E10001,N4) -> 0 | O10: =SUMIFS(Трава!A5:A10010,Трава!E5:E10010,O4)+SUMIFS(мусор!A4:A10001,мусор!E4:E10001,O4) -> 0 | P10: =SUMIFS(Трава!A5:A10010,Трава!E5:E10010,P4)+SUMIFS(мусор!A4:A10001,мусор!E4:E10001,P4) -> 0 | Q10: =SUMIFS(Трава!A5:A10010,Трава!E5:E10010,Q4)+SUMIFS(мусор!A4:A10001,мусор!E4:E10001,Q4) -> 1 | R10: =SUMIFS(Трава!A5:A10010,Трава!E5:E10010,R4)+SUMIFS(мусор!A4:A10001,мусор!E4:E10001,R4) -> 0 | S10: =SUMIFS(Трава!A5:A10010,Трава!E5:E10010,S4)+SUMIFS(мусор!A4:A10001,мусор!E4:E10001,S4) -> 0 | T10: =SUMIFS(Трава!A5:A10010,Трава!E5:E10010,T4)+SUMIFS(мусор!A4:A10001,мусор!E4:E10001,T4) -> 2 | U10: =SUMIFS(Трава!A5:A10010,Трава!E5:E10010,U4)+SUMIFS(мусор!A4:A10001,мусор!E4:E10001,U4) -> 1 | V10: =SUMIFS(Трава!A5:A10010,Трава!E5:E10010,V4)+SUMIFS(мусор!A4:A10001,мусор!E4:E10001,V4) -> 4 | W10: =SUMIFS(Трава!A5:A10010,Трава!E5:E10010,W4)+SUMIFS(мусор!A4:A10001,мусор!E4:E10001,W4) -> 0 | X10: =SUMIFS(Трава!A5:A10010,Трава!E5:E10010,X4)+SUMIFS(мусор!A4:A10001,мусор!E4:E10001,X4) -> 0
A11: 7 | B11: Случаи покушения на самоубийство и самоубийств путем самосожжения, если они не вызвали распространения горения | C11: =SUM(F11:X11) -> 0 | D11: 0 | E11: =C11/C16*100% -> 0 | F11: =SUMIFS(самосозж!A4:A10000,самосозж!E4:E10000,F4) -> 0 | G11: =SUMIFS(самосозж!A4:A10000,самосозж!E4:E10000,G4) -> 0 | H11: =SUMIFS(самосозж!A4:A10000,самосозж!E4:E10000,H4) -> 0 | I11: =SUMIFS(самосозж!A4:A10000,самосозж!E4:E10000,I4) -> 0 | J11: =SUMIFS(самосозж!A4:A10000,самосозж!E4:E10000,J4) -> 0 | K11: =SUMIFS(самосозж!A4:A10000,самосозж!E4:E10000,K4) -> 0 | L11: =SUMIFS(самосозж!A4:A10000,самосозж!E4:E10000,L4) -> 0 | M11: =SUMIFS(самосозж!A4:A10000,самосозж!E4:E10000,M4) -> 0 | N11: =SUMIFS(самосозж!A4:A10000,самосозж!E4:E10000,N4) -> 0 | O11: =SUMIFS(самосозж!A4:A10000,самосозж!E4:E10000,O4) -> 0 | P11: =SUMIFS(самосозж!A4:A10000,самосозж!E4:E10000,P4) -> 0 | Q11: =SUMIFS(самосозж!A4:A10000,самосозж!E4:E10000,Q4) -> 0 | R11: =SUMIFS(самосозж!A4:A10000,самосозж!E4:E10000,R4) -> 0 | S11: =SUMIFS(самосозж!A4:A10000,самосозж!E4:E10000,S4) -> 0 | T11: =SUMIFS(самосозж!A4:A10000,самосозж!E4:E10000,T4) -> 0 | U11: =SUMIFS(самосозж!A4:A10000,самосозж!E4:E10000,U4) -> 0 | V11: =SUMIFS(самосозж!A4:A10000,самосозж!E4:E10000,V4) -> 0 | W11: =SUMIFS(самосозж!A4:A10000,самосозж!E4:E10000,W4) -> 0 | X11: =SUMIFS(самосозж!A4:A10000,самосозж!E4:E10000,X4) -> 0
A12: 8 | B12: Случаи пожаров автотранспортных средств, причиной которых явилось дорожно-транспортное происшествие | C12: =SUM(F12:X12) -> 0 | D12: 0 | E12: =C12/C16*100% -> 0 | F12: =SUMIFS(дтп.заг!A4:A10002,дтп.заг!E4:E10002,F4) -> 0 | G12: =SUMIFS(дтп.заг!A4:A10002,дтп.заг!E4:E10002,G4) -> 0 | H12: =SUMIFS(дтп.заг!A4:A10002,дтп.заг!E4:E10002,H4) -> 0 | I12: =SUMIFS(дтп.заг!A4:A10002,дтп.заг!E4:E10002,I4) -> 0 | J12: =SUMIFS(дтп.заг!A4:A10002,дтп.заг!E4:E10002,J4) -> 0 | K12: =SUMIFS(дтп.заг!A4:A10002,дтп.заг!E4:E10002,K4) -> 0 | L12: =SUMIFS(дтп.заг!A4:A10002,дтп.заг!E4:E10002,L4) -> 0 | M12: =SUMIFS(дтп.заг!A4:A10002,дтп.заг!E4:E10002,M4) -> 0 | N12: =SUMIFS(дтп.заг!A4:A10002,дтп.заг!E4:E10002,N4) -> 0 | O12: =SUMIFS(дтп.заг!A4:A10002,дтп.заг!E4:E10002,O4) -> 0 | P12: =SUMIFS(дтп.заг!A4:A10002,дтп.заг!E4:E10002,P4) -> 0 | Q12: =SUMIFS(дтп.заг!A4:A10002,дтп.заг!E4:E10002,Q4) -> 0 | R12: =SUMIFS(дтп.заг!A4:A10002,дтп.заг!E4:E10002,R4) -> 0 | S12: =SUMIFS(дтп.заг!A4:A10002,дтп.заг!E4:E10002,S4) -> 0 | T12: =SUMIFS(дтп.заг!A4:A10002,дтп.заг!E4:E10002,T4) -> 0 | U12: =SUMIFS(дтп.заг!A4:A10002,дтп.заг!E4:E10002,U4) -> 0 | V12: =SUMIFS(дтп.заг!A4:A10002,дтп.заг!E4:E10002,V4) -> 0 | W12: =SUMIFS(дтп.заг!A4:A10002,дтп.заг!E4:E10002,W4) -> 0 | X12: =SUMIFS(дтп.заг!A4:A10002,дтп.заг!E4:E10002,X4) -> 0
A13: 9 | B13: Пожары, причиной которых явились авиационные, железнодорожные аварии, террористические акты, военные действия, спецоперации правоохранительных органов, землетрясения | C13: =SUM(F13:X13) -> 0 | D13: 0 | E13: =C13/C16*100% -> 0 | F13: =SUMIFS(авиа!A4:A9999,авиа!E4:E9999,F4) -> 0 | G13: =SUMIFS(авиа!A4:A9999,авиа!E4:E9999,G4) -> 0 | H13: =SUMIFS(авиа!A4:A9999,авиа!E4:E9999,H4) -> 0 | I13: =SUMIFS(авиа!A4:A9999,авиа!E4:E9999,I4) -> 0 | J13: =SUMIFS(авиа!A4:A9999,авиа!E4:E9999,J4) -> 0 | K13: =SUMIFS(авиа!A4:A9999,авиа!E4:E9999,K4) -> 0 | L13: =SUMIFS(авиа!A4:A9999,авиа!E4:E9999,L4) -> 0 | M13: =SUMIFS(авиа!A4:A9999,авиа!E4:E9999,M4) -> 0 | N13: =SUMIFS(авиа!A4:A9999,авиа!E4:E9999,N4) -> 0 | O13: =SUMIFS(авиа!A4:A9999,авиа!E4:E9999,O4) -> 0 | P13: =SUMIFS(авиа!A4:A9999,авиа!E4:E9999,P4) -> 0 | Q13: =SUMIFS(авиа!A4:A9999,авиа!E4:E9999,Q4) -> 0 | R13: =SUMIFS(авиа!A4:A9999,авиа!E4:E9999,R4) -> 0 | S13: =SUMIFS(авиа!A4:A9999,авиа!E4:E9999,S4) -> 0 | T13: =SUMIFS(авиа!A4:A9999,авиа!E4:E9999,T4) -> 0 | U13: =SUMIFS(авиа!A4:A9999,авиа!E4:E9999,U4) -> 0 | V13: =SUMIFS(авиа!A4:A9999,авиа!E4:E9999,V4) -> 0 | W13: =SUMIFS(авиа!A4:A9999,авиа!E4:E9999,W4) -> 0 | X13: =SUMIFS(авиа!A4:A9999,авиа!E4:E9999,X4) -> 0
A14: 10 | B14: Случаи отравления людей угарным газом со смертельным исходом, от печного отопления (каминов) | C14: =SUM(F14:X14) -> 1 | D14: 0 | E14: =C14/C16*100% -> 0.013513514 | F14: =SUMIFS(угар!AL5:AL10000,угар!F5:F10000,F4) -> 0 | G14: =SUMIFS(угар!AL5:AL10000,угар!F5:F10000,G4) -> 0 | H14: =SUMIFS(угар!AL5:AL10000,угар!F5:F10000,H4) -> 0 | I14: =SUMIFS(угар!AL5:AL10000,угар!F5:F10000,I4) -> 0 | J14: =SUMIFS(угар!AL5:AL10000,угар!F5:F10000,J4) -> 0 | K14: =SUMIFS(угар!AL5:AL10000,угар!F5:F10000,K4) -> 0 | L14: =SUMIFS(угар!AL5:AL10000,угар!F5:F10000,L4) -> 0 | M14: =SUMIFS(угар!AL5:AL10000,угар!F5:F10000,M4) -> 1 | N14: =SUMIFS(угар!AL5:AL10000,угар!F5:F10000,N4) -> 0 | O14: =SUMIFS(угар!AL5:AL10000,угар!F5:F10000,O4) -> 0 | P14: =SUMIFS(угар!AL5:AL10000,угар!F5:F10000,P4) -> 0 | Q14: =SUMIFS(угар!AL5:AL10000,угар!F5:F10000,Q4) -> 0 | R14: =SUMIFS(угар!AL5:AL10000,угар!F5:F10000,R4) -> 0 | S14: =SUMIFS(угар!AL5:AL10000,угар!F5:F10000,S4) -> 0 | T14: =SUMIFS(угар!AL5:AL10000,угар!F5:F10000,T4) -> 0 | U14: =SUMIFS(угар!AL5:AL10000,угар!F5:F10000,U4) -> 0 | V14: =SUMIFS(угар!AL5:AL10000,угар!F5:F10000,V4) -> 0 | W14: =SUMIFS(угар!AL5:AL10000,угар!F5:F10000,W4) -> 0 | X14: =SUMIFS(угар!AL5:AL10000,угар!F5:F10000,X4) -> 0
A15: 11 | B15: Случаи самовозгорания пирофорных соединений, без последствий и ущерба | C15: =SUM(F15:X15) -> 0 | D15: 0 | E15: =C15/C16*100% -> 0 | F15: =SUMIFS(самовозг!A4:A10000,самовозг!E4:E10000,F4) -> 0 | G15: =SUMIFS(самовозг!A4:A10000,самовозг!E4:E10000,G4) -> 0 | H15: =SUMIFS(самовозг!A4:A10000,самовозг!E4:E10000,H4) -> 0 | I15: =SUMIFS(самовозг!A4:A10000,самовозг!E4:E10000,I4) -> 0 | J15: =SUMIFS(самовозг!A4:A10000,самовозг!E4:E10000,J4) -> 0 | K15: =SUMIFS(самовозг!A4:A10000,самовозг!E4:E10000,K4) -> 0 | L15: =SUMIFS(самовозг!A4:A10000,самовозг!E4:E10000,L4) -> 0 | M15: =SUMIFS(самовозг!A4:A10000,самовозг!E4:E10000,M4) -> 0 | N15: =SUMIFS(самовозг!A4:A10000,самовозг!E4:E10000,N4) -> 0 | O15: =SUMIFS(самовозг!A4:A10000,самовозг!E4:E10000,O4) -> 0 | P15: =SUMIFS(самовозг!A4:A10000,самовозг!E4:E10000,P4) -> 0 | Q15: =SUMIFS(самовозг!A4:A10000,самовозг!E4:E10000,Q4) -> 0 | R15: =SUMIFS(самовозг!A4:A10000,самовозг!E4:E10000,R4) -> 0 | S15: =SUMIFS(самовозг!A4:A10000,самовозг!E4:E10000,S4) -> 0 | T15: =SUMIFS(самовозг!A4:A10000,самовозг!E4:E10000,T4) -> 0 | U15: =SUMIFS(самовозг!A4:A10000,самовозг!E4:E10000,U4) -> 0 | V15: =SUMIFS(самовозг!A4:A10000,самовозг!E4:E10000,V4) -> 0 | W15: =SUMIFS(самовозг!A4:A10000,самовозг!E4:E10000,W4) -> 0 | X15: =SUMIFS(самовозг!A4:A10000,самовозг!E4:E10000,X4) -> 0
B16: ИТОГО: | C16: =SUM(C5:C15) -> 74 | D16: =SUM(D5:D15) -> 37 | E16: =SUM(E5:E15) -> 1 | F16: =SUM(F5:F15) -> 1 | G16: =SUM(G5:G15) -> 1 | H16: =SUM(H5:H15) -> 0 | I16: =SUM(I5:I15) -> 9 | J16: =SUM(J5:J15) -> 2 | ... X16: =SUM(X5:X15) -> 2
A19: Отчет за аналогичный период предыдущего года
A20: № п/п | B20: Случаи горения, не подлежащие учету как пожары | C20: Количество случаев | E20: % от общего числа | F20: Аксуский | G20: Алакольский | H20: Балхашский | I20: Енбекшиказахский | J20: Ескельдинский | K20: Жамбылский | L20: Илийский | M20: Карасайский | N20: Каратальский | O20: Кербулакский | P20: Коксуский | Q20: Панфиловский | R20: Райымбекский | S20: Саркандский | T20: Талгарский | U20: Уйгурский | V20: г.Талдыкорган | W20: г.Капшагай | X20: г.Текели
A21: 1 | B21: Случаи горения, обусловленные спецификой технологического процесса производства (заложенные в технологический регламент или другую техническую документацию) или условиями работы промышленных установок и агрегатов, а также бытовых печей для обогрева помещений | C21: =SUM(F21:X21) -> 1 | E21: =C21/C32*100% -> 1 | F21: 1
A22: 2 | B22: Случаи горения, как результат обработки предметов огнем, теплом, или иным термическим (тепловым) воздействием с целью их переработки, изменения качественных характеристик (сушка, варка, глажение, копчение, жаренье, плавление и прочее) | C22: =SUM(F22:X22) -> 0 | E22: =C22/C32*100% -> 0
A23: 3 | B23: Взрывы, вспышки и разряды статического электричества, не вызвавшие возникновения пожара | C23: =SUM(F23:X23) -> 0 | E23: =C23/C32*100% -> 0
A24: 4 | B24: Случаи коротких замыканий электросетей, в электрооборудовании, бытовых и промышленных электроприборах, не вызвавшие распространения горения за пределы аппарата, агрегата и механизма | C24: =SUM(F24:X24) -> 0 | E24: =C24/C32*100% -> 0
A25: 5 | B25: Случаи задымления при неисправности бытовых электроприборов и сгорания пищи при ее приготовлении, не вызвавшие возникновения пожара | C25: =SUM(F25:X25) -> 0 | E25: =C25/C32*100% -> 0
A26: 6 | B26: Загорания бесхозных зданий и бесхозных транспортных средств, сухой травы, листьев, тополиного пуха на открытых территориях и степных массивах, пожнивных остатков, стерни, а также мусора на свалках, пустырях, на территории домовладений и объектов хозяйствования, обочинах дорог, контейнерных площадок для его сбора, в контейнерах (урнах) для его сбора, в лифтовых шахтах (лифтах) жилых домов, в мусоросборниках (мусоропроводах) жилых домов, на лестничных клетках жилых домов, в подвальных и чердачных помещениях жилых домов | C26: =SUM(F26:X26) -> 0 | E26: =C26/C32*100% -> 0
A27: 7 | B27: Случаи покушения на самоубийство и самоубийств путем самосожжения, если они не вызвали распространения горения | C27: =SUM(F27:X27) -> 0 | E27: =C27/C32*100% -> 0
A28: 8 | B28: Случаи пожаров автотранспортных средств, причиной которых явилось дорожно-транспортное происшествие | C28: =SUM(F28:X28) -> 0 | E28: =C28/C32*100% -> 0
A29: 9 | B29: Пожары, причиной которых явились авиационные, железнодорожные аварии, террористические акты, военные действия, спецоперации правоохранительных органов, землетрясения | C29: =SUM(F29:X29) -> 0 | E29: =C29/C32*100% -> 0
A30: 10 | B30: Случаи отравления людей угарным газом со смертельным исходом, от печного отопления (каминов) | C30: =SUM(F30:X30) -> 0 | E30: =C30/C32*100% -> 0
A31: 11 | B31: Случаи самовозгорания пирофорных соединений, без последствий и ущерба | C31: =SUM(F31:X31) -> 0 | E31: =C31/C32*100% -> 0
B32: ИТОГО: | C32: =SUM(C21:C31) -> 1 | E32: =SUM(E21:E31) -> 1 | F32: =SUM(F21:F31) -> 1 | G32: =SUM(G21:G31) -> 0 | H32: =SUM(H21:H31) -> 0 | I32: =SUM(I21:I31) -> 0 | J32: =SUM(J21:J31) -> 0 | K32: =SUM(K21:K31) -> 0 | L32: =SUM(L21:L31) -> 0 | ... X32: =SUM(X21:X31) -> 0
A35: Сравнение на сколько
A36: № п/п | B36: Случаи горения, не подлежащие учету как пожары | C36: Количество случаев | F36: Аксуский | G36: Алакольский | H36: Балхашский | I36: Енбекшиказахский | J36: Ескельдинский | K36: Жамбылский | L36: Илийский | M36: Карасайский | N36: Каратальский | O36: Кербулакский | P36: Коксуский | Q36: Панфиловский | R36: Райымбекский | S36: Саркандский | T36: Талгарский | U36: Уйгурский | V36: г.Талдыкорган | W36: г.Капшагай | X36: г.Текели
A37: 1 | B37: Случаи горения, обусловленные спецификой технологического процесса производства (заложенные в технологический регламент или другую техническую документацию) или условиями работы промышленных установок и агрегатов, а также бытовых печей для обогрева помещений | C37: =C5-C21 -> 40 | F37: =F5-F21 -> 0 | G37: =G5-G21 -> 1 | H37: =H5-H21 -> 0 | I37: =I5-I21 -> 7 | J37: =J5-J21 -> 2 | K37: =K5-K21 -> 2 | L37: =L5-L21 -> 4 | M37: =M5-M21 -> 0 | ... X37: =X5-X21 -> 1
A38: 2 | B38: Случаи горения, как результат обработки предметов огнем, теплом, или иным термическим (тепловым) воздействием с целью их переработки, изменения качественных характеристик (сушка, варка, глажение, копчение, жаренье, плавление и прочее) | C38: =C6-C22 -> 0 | F38: =F6-F22 -> 0 | G38: =G6-G22 -> 0 | H38: =H6-H22 -> 0 | I38: =I6-I22 -> 0 | J38: =J6-J22 -> 0 | K38: =K6-K22 -> 0 | L38: =L6-L22 -> 0 | M38: =M6-M22 -> 0 | ... X38: =X6-X22 -> 0
A39: 3 | B39: Взрывы, вспышки и разряды статического электричества, не вызвавшие возникновения пожара | C39: =C7-C23 -> 0 | F39: =F7-F23 -> 0 | G39: =G7-G23 -> 0 | H39: =H7-H23 -> 0 | I39: =I7-I23 -> 0 | J39: =J7-J23 -> 0 | K39: =K7-K23 -> 0 | L39: =L7-L23 -> 0 | M39: =M7-M23 -> 0 | ... X39: =X7-X23 -> 0
A40: 4 | B40: Случаи коротких замыканий электросетей, в электрооборудовании, бытовых и промышленных электроприборах, не вызвавшие распространения горения за пределы аппарата, агрегата и механизма | C40: =C8-C24 -> 16 | F40: =F8-F24 -> 0 | G40: =G8-G24 -> 0 | H40: =H8-H24 -> 0 | I40: =I8-I24 -> 0 | J40: =J8-J24 -> 0 | K40: =K8-K24 -> 0 | L40: =L8-L24 -> 2 | M40: =M8-M24 -> 1 | ... X40: =X8-X24 -> 0
A41: 5 | B41: Случаи задымления при неисправности бытовых электроприборов и сгорания пищи при ее приготовлении, не вызвавшие возникновения пожара | C41: =C9-C25 -> 4 | F41: =F9-F25 -> 0 | G41: =G9-G25 -> 0 | H41: =H9-H25 -> 0 | I41: =I9-I25 -> 0 | J41: =J9-J25 -> 0 | K41: =K9-K25 -> 0 | L41: =L9-L25 -> 0 | M41: =M9-M25 -> 0 | ... X41: =X9-X25 -> 1
A42: 6 | B42: Загорания бесхозных зданий и бесхозных транспортных средств, сухой травы, листьев, тополиного пуха на открытых территориях и степных массивах, пожнивных остатков, стерни, а также мусора на свалках, пустырях, на территории домовладений и объектов хозяйствования, обочинах дорог, контейнерных площадок для его сбора, в контейнерах (урнах) для его сбора, в лифтовых шахтах (лифтах) жилых домов, в мусоросборниках (мусоропроводах) жилых домов, на лестничных клетках жилых домов, в подвальных и чердачных помещениях жилых домов | C42: =C10-C26 -> 12 | F42: =F10-F26 -> 0 | G42: =G10-G26 -> 0 | H42: =H10-H26 -> 0 | I42: =I10-I26 -> 2 | J42: =J10-J26 -> 0 | K42: =K10-K26 -> 0 | L42: =L10-L26 -> 1 | M42: =M10-M26 -> 1 | ... X42: =X10-X26 -> 0
A43: 7 | B43: Случаи покушения на самоубийство и самоубийств путем самосожжения, если они не вызвали распространения горения | C43: =C11-C27 -> 0 | F43: =F11-F27 -> 0 | G43: =G11-G27 -> 0 | H43: =H11-H27 -> 0 | I43: =I11-I27 -> 0 | J43: =J11-J27 -> 0 | K43: =K11-K27 -> 0 | L43: =L11-L27 -> 0 | M43: =M11-M27 -> 0 | ... X43: =X11-X27 -> 0
A44: 8 | B44: Случаи пожаров автотранспортных средств, причиной которых явилось дорожно-транспортное происшествие | C44: =C12-C28 -> 0 | F44: =F12-F28 -> 0 | G44: =G12-G28 -> 0 | H44: =H12-H28 -> 0 | I44: =I12-I28 -> 0 | J44: =J12-J28 -> 0 | K44: =K12-K28 -> 0 | L44: =L12-L28 -> 0 | M44: =M12-M28 -> 0 | ... X44: =X12-X28 -> 0
A45: 9 | B45: Пожары, причиной которых явились авиационные, железнодорожные аварии, террористические акты, военные действия, спецоперации правоохранительных органов, землетрясения | C45: =C13-C29 -> 0 | F45: =F13-F29 -> 0 | G45: =G13-G29 -> 0 | H45: =H13-H29 -> 0 | I45: =I13-I29 -> 0 | J45: =J13-J29 -> 0 | K45: =K13-K29 -> 0 | L45: =L13-L29 -> 0 | M45: =M13-M29 -> 0 | ... X45: =X13-X29 -> 0
A46: 10 | B46: Случаи отравления людей угарным газом со смертельным исходом, от печного отопления (каминов) | C46: =C14-C30 -> 1 | F46: =F14-F30 -> 0 | G46: =G14-G30 -> 0 | H46: =H14-H30 -> 0 | I46: =I14-I30 -> 0 | J46: =J14-J30 -> 0 | K46: =K14-K30 -> 0 | L46: =L14-L30 -> 0 | M46: =M14-M30 -> 1 | ... X46: =X14-X30 -> 0
A47: 11 | B47: Случаи самовозгорания пирофорных соединений, без последствий и ущерба | C47: =C15-C31 -> 0 | F47: =F15-F31 -> 0 | G47: =G15-G31 -> 0 | H47: =H15-H31 -> 0 | I47: =I15-I31 -> 0 | J47: =J15-J31 -> 0 | K47: =K15-K31 -> 0 | L47: =L15-L31 -> 0 | M47: =M15-M31 -> 0 | ... X47: =X15-X31 -> 0
B48: ИТОГО: | C48: =C16-C32 -> 73 | F48: =F16-F32 -> 0 | G48: =G16-G32 -> 1 | H48: =H16-H32 -> 0 | I48: =I16-I32 -> 9 | J48: =J16-J32 -> 2 | K48: =K16-K32 -> 2 | L48: =L16-L32 -> 7 | M48: =M16-M32 -> 3 | ... X48: =X16-X32 -> 2
A51: Сравнение во сколько в %
A52: № п/п | B52: Случаи горения, не подлежащие учету как пожары | C52: Количество случаев | F52: Аксуский | G52: Алакольский | H52: Балхашский | I52: Енбекшиказахский | J52: Ескельдинский | K52: Жамбылский | L52: Илийский | M52: Карасайский | N52: Каратальский | O52: Кербулакский | P52: Коксуский | Q52: Панфиловский | R52: Райымбекский | S52: Саркандский | T52: Талгарский | U52: Уйгурский | V52: г.Талдыкорган | W52: г.Капшагай | X52: г.Текели
A53: 1 | B53: Случаи горения, обусловленные спецификой технологического процесса производства (заложенные в технологический регламент или другую техническую документацию) или условиями работы промышленных установок и агрегатов, а также бытовых печей для обогрева помещений | C53: =IF(C5>C21,(100%-C21/C5*100%),IF(C5<C21,(C5/C21*100%)-100%,0)) -> 0.97560976 | F53: =IF(F5>F21,(100%-F21/F5*100%),IF(F5<F21,(F5/F21*100%)-100%,0)) -> 0 | G53: =IF(G5>G21,(100%-G21/G5*100%),IF(G5<G21,(G5/G21*100%)-100%,0)) -> 1 | H53: =IF(H5>H21,(100%-H21/H5*100%),IF(H5<H21,(H5/H21*100%)-100%,0)) -> 0 | I53: =IF(I5>I21,(100%-I21/I5*100%),IF(I5<I21,(I5/I21*100%)-100%,0)) -> 1 | J53: =IF(J5>J21,(100%-J21/J5*100%),IF(J5<J21,(J5/J21*100%)-100%,0)) -> 1 | K53: =IF(K5>K21,(100%-K21/K5*100%),IF(K5<K21,(K5/K21*100%)-100%,0)) -> 1 | L53: =IF(L5>L21,(100%-L21/L5*100%),IF(L5<L21,(L5/L21*100%)-100%,0)) -> 1 | M53: =IF(M5>M21,(100%-M21/M5*100%),IF(M5<M21,(M5/M21*100%)-100%,0)) -> 0 | ... X53: =IF(X5>X21,(100%-X21/X5*100%),IF(X5<X21,(X5/X21*100%)-100%,0)) -> 1
A54: 2 | B54: Случаи горения, как результат обработки предметов огнем, теплом, или иным термическим (тепловым) воздействием с целью их переработки, изменения качественных характеристик (сушка, варка, глажение, копчение, жаренье, плавление и прочее) | C54: =IF(C6>C22,(100%-C22/C6*100%),IF(C6<C22,(C6/C22*100%)-100%,0)) -> 0 | F54: =IF(F6>F22,(100%-F22/F6*100%),IF(F6<F22,(F6/F22*100%)-100%,0)) -> 0 | G54: =IF(G6>G22,(100%-G22/G6*100%),IF(G6<G22,(G6/G22*100%)-100%,0)) -> 0 | H54: =IF(H6>H22,(100%-H22/H6*100%),IF(H6<H22,(H6/H22*100%)-100%,0)) -> 0 | I54: =IF(I6>I22,(100%-I22/I6*100%),IF(I6<I22,(I6/I22*100%)-100%,0)) -> 0 | J54: =IF(J6>J22,(100%-J22/J6*100%),IF(J6<J22,(J6/J22*100%)-100%,0)) -> 0 | K54: =IF(K6>K22,(100%-K22/K6*100%),IF(K6<K22,(K6/K22*100%)-100%,0)) -> 0 | L54: =IF(L6>L22,(100%-L22/L6*100%),IF(L6<L22,(L6/L22*100%)-100%,0)) -> 0 | M54: =IF(M6>M22,(100%-M22/M6*100%),IF(M6<M22,(M6/M22*100%)-100%,0)) -> 0 | ... X54: =IF(X6>X22,(100%-X22/X6*100%),IF(X6<X22,(X6/X22*100%)-100%,0)) -> 0
A55: 3 | B55: Взрывы, вспышки и разряды статического электричества, не вызвавшие возникновения пожара | C55: =IF(C7>C23,(100%-C23/C7*100%),IF(C7<C23,(C7/C23*100%)-100%,0)) -> 0 | F55: =IF(F7>F23,(100%-F23/F7*100%),IF(F7<F23,(F7/F23*100%)-100%,0)) -> 0 | G55: =IF(G7>G23,(100%-G23/G7*100%),IF(G7<G23,(G7/G23*100%)-100%,0)) -> 0 | H55: =IF(H7>H23,(100%-H23/H7*100%),IF(H7<H23,(H7/H23*100%)-100%,0)) -> 0 | I55: =IF(I7>I23,(100%-I23/I7*100%),IF(I7<I23,(I7/I23*100%)-100%,0)) -> 0 | J55: =IF(J7>J23,(100%-J23/J7*100%),IF(J7<J23,(J7/J23*100%)-100%,0)) -> 0 | K55: =IF(K7>K23,(100%-K23/K7*100%),IF(K7<K23,(K7/K23*100%)-100%,0)) -> 0 | L55: =IF(L7>L23,(100%-L23/L7*100%),IF(L7<L23,(L7/L23*100%)-100%,0)) -> 0 | M55: =IF(M7>M23,(100%-M23/M7*100%),IF(M7<M23,(M7/M23*100%)-100%,0)) -> 0 | ... X55: =IF(X7>X23,(100%-X23/X7*100%),IF(X7<X23,(X7/X23*100%)-100%,0)) -> 0
A56: 4 | B56: Случаи коротких замыканий электросетей, в электрооборудовании, бытовых и промышленных электроприборах, не вызвавшие распространения горения за пределы аппарата, агрегата и механизма | C56: =IF(C8>C24,(100%-C24/C8*100%),IF(C8<C24,(C8/C24*100%)-100%,0)) -> 1 | F56: =IF(F8>F24,(100%-F24/F8*100%),IF(F8<F24,(F8/F24*100%)-100%,0)) -> 0 | G56: =IF(G8>G24,(100%-G24/G8*100%),IF(G8<G24,(G8/G24*100%)-100%,0)) -> 0 | H56: =IF(H8>H24,(100%-H24/H8*100%),IF(H8<H24,(H8/H24*100%)-100%,0)) -> 0 | I56: =IF(I8>I24,(100%-I24/I8*100%),IF(I8<I24,(I8/I24*100%)-100%,0)) -> 0 | J56: =IF(J8>J24,(100%-J24/J8*100%),IF(J8<J24,(J8/J24*100%)-100%,0)) -> 0 | K56: =IF(K8>K24,(100%-K24/K8*100%),IF(K8<K24,(K8/K24*100%)-100%,0)) -> 0 | L56: =IF(L8>L24,(100%-L24/L8*100%),IF(L8<L24,(L8/L24*100%)-100%,0)) -> 1 | M56: =IF(M8>M24,(100%-M24/M8*100%),IF(M8<M24,(M8/M24*100%)-100%,0)) -> 1 | ... X56: =IF(X8>X24,(100%-X24/X8*100%),IF(X8<X24,(X8/X24*100%)-100%,0)) -> 0
A57: 5 | B57: Случаи задымления при неисправности бытовых электроприборов и сгорания пищи при ее приготовлении, не вызвавшие возникновения пожара | C57: =IF(C9>C25,(100%-C25/C9*100%),IF(C9<C25,(C9/C25*100%)-100%,0)) -> 1 | F57: =IF(F9>F25,(100%-F25/F9*100%),IF(F9<F25,(F9/F25*100%)-100%,0)) -> 0 | G57: =IF(G9>G25,(100%-G25/G9*100%),IF(G9<G25,(G9/G25*100%)-100%,0)) -> 0 | H57: =IF(H9>H25,(100%-H25/H9*100%),IF(H9<H25,(H9/H25*100%)-100%,0)) -> 0 | I57: =IF(I9>I25,(100%-I25/I9*100%),IF(I9<I25,(I9/I25*100%)-100%,0)) -> 0 | J57: =IF(J9>J25,(100%-J25/J9*100%),IF(J9<J25,(J9/J25*100%)-100%,0)) -> 0 | K57: =IF(K9>K25,(100%-K25/K9*100%),IF(K9<K25,(K9/K25*100%)-100%,0)) -> 0 | L57: =IF(L9>L25,(100%-L25/L9*100%),IF(L9<L25,(L9/L25*100%)-100%,0)) -> 0 | M57: =IF(M9>M25,(100%-M25/M9*100%),IF(M9<M25,(M9/M25*100%)-100%,0)) -> 0 | ... X57: =IF(X9>X25,(100%-X25/X9*100%),IF(X9<X25,(X9/X25*100%)-100%,0)) -> 1
A58: 6 | B58: Загорания бесхозных зданий и бесхозных транспортных средств, сухой травы, листьев, тополиного пуха на открытых территориях и степных массивах, пожнивных остатков, стерни, а также мусора на свалках, пустырях, на территории домовладений и объектов хозяйствования, обочинах дорог, контейнерных площадок для его сбора, в контейнерах (урнах) для его сбора, в лифтовых шахтах (лифтах) жилых домов, в мусоросборниках (мусоропроводах) жилых домов, на лестничных клетках жилых домов, в подвальных и чердачных помещениях жилых домов | C58: =IF(C10>C26,(100%-C26/C10*100%),IF(C10<C26,(C10/C26*100%)-100%,0)) -> 1 | F58: =IF(F10>F26,(100%-F26/F10*100%),IF(F10<F26,(F10/F26*100%)-100%,0)) -> 0 | G58: =IF(G10>G26,(100%-G26/G10*100%),IF(G10<G26,(G10/G26*100%)-100%,0)) -> 0 | H58: =IF(H10>H26,(100%-H26/H10*100%),IF(H10<H26,(H10/H26*100%)-100%,0)) -> 0 | I58: =IF(I10>I26,(100%-I26/I10*100%),IF(I10<I26,(I10/I26*100%)-100%,0)) -> 1 | J58: =IF(J10>J26,(100%-J26/J10*100%),IF(J10<J26,(J10/J26*100%)-100%,0)) -> 0 | K58: =IF(K10>K26,(100%-K26/K10*100%),IF(K10<K26,(K10/K26*100%)-100%,0)) -> 0 | L58: =IF(L10>L26,(100%-L26/L10*100%),IF(L10<L26,(L10/L26*100%)-100%,0)) -> 1 | M58: =IF(M10>M26,(100%-M26/M10*100%),IF(M10<M26,(M10/M26*100%)-100%,0)) -> 1 | ... X58: =IF(X10>X26,(100%-X26/X10*100%),IF(X10<X26,(X10/X26*100%)-100%,0)) -> 0
A59: 7 | B59: Случаи покушения на самоубийство и самоубийств путем самосожжения, если они не вызвали распространения горения | C59: =IF(C11>C27,(100%-C27/C11*100%),IF(C11<C27,(C11/C27*100%)-100%,0)) -> 0 | F59: =IF(F11>F27,(100%-F27/F11*100%),IF(F11<F27,(F11/F27*100%)-100%,0)) -> 0 | G59: =IF(G11>G27,(100%-G27/G11*100%),IF(G11<G27,(G11/G27*100%)-100%,0)) -> 0 | H59: =IF(H11>H27,(100%-H27/H11*100%),IF(H11<H27,(H11/H27*100%)-100%,0)) -> 0 | I59: =IF(I11>I27,(100%-I27/I11*100%),IF(I11<I27,(I11/I27*100%)-100%,0)) -> 0 | J59: =IF(J11>J27,(100%-J27/J11*100%),IF(J11<J27,(J11/J27*100%)-100%,0)) -> 0 | K59: =IF(K11>K27,(100%-K27/K11*100%),IF(K11<K27,(K11/K27*100%)-100%,0)) -> 0 | L59: =IF(L11>L27,(100%-L27/L11*100%),IF(L11<L27,(L11/L27*100%)-100%,0)) -> 0 | M59: =IF(M11>M27,(100%-M27/M11*100%),IF(M11<M27,(M11/M27*100%)-100%,0)) -> 0 | ... X59: =IF(X11>X27,(100%-X27/X11*100%),IF(X11<X27,(X11/X27*100%)-100%,0)) -> 0
A60: 8 | B60: Случаи пожаров автотранспортных средств, причиной которых явилось дорожно-транспортное происшествие | C60: =IF(C12>C28,(100%-C28/C12*100%),IF(C12<C28,(C12/C28*100%)-100%,0)) -> 0 | F60: =IF(F12>F28,(100%-F28/F12*100%),IF(F12<F28,(F12/F28*100%)-100%,0)) -> 0 | G60: =IF(G12>G28,(100%-G28/G12*100%),IF(G12<G28,(G12/G28*100%)-100%,0)) -> 0 | H60: =IF(H12>H28,(100%-H28/H12*100%),IF(H12<H28,(H12/H28*100%)-100%,0)) -> 0 | I60: =IF(I12>I28,(100%-I28/I12*100%),IF(I12<I28,(I12/I28*100%)-100%,0)) -> 0 | J60: =IF(J12>J28,(100%-J28/J12*100%),IF(J12<J28,(J12/J28*100%)-100%,0)) -> 0 | K60: =IF(K12>K28,(100%-K28/K12*100%),IF(K12<K28,(K12/K28*100%)-100%,0)) -> 0 | L60: =IF(L12>L28,(100%-L28/L12*100%),IF(L12<L28,(L12/L28*100%)-100%,0)) -> 0 | M60: =IF(M12>M28,(100%-M28/M12*100%),IF(M12<M28,(M12/M28*100%)-100%,0)) -> 0 | ... X60: =IF(X12>X28,(100%-X28/X12*100%),IF(X12<X28,(X12/X28*100%)-100%,0)) -> 0
A61: 9 | B61: Пожары, причиной которых явились авиационные, железнодорожные аварии, террористические акты, военные действия, спецоперации правоохранительных органов, землетрясения | C61: =IF(C13>C29,(100%-C29/C13*100%),IF(C13<C29,(C13/C29*100%)-100%,0)) -> 0 | F61: =IF(F13>F29,(100%-F29/F13*100%),IF(F13<F29,(F13/F29*100%)-100%,0)) -> 0 | G61: =IF(G13>G29,(100%-G29/G13*100%),IF(G13<G29,(G13/G29*100%)-100%,0)) -> 0 | H61: =IF(H13>H29,(100%-H29/H13*100%),IF(H13<H29,(H13/H29*100%)-100%,0)) -> 0 | I61: =IF(I13>I29,(100%-I29/I13*100%),IF(I13<I29,(I13/I29*100%)-100%,0)) -> 0 | J61: =IF(J13>J29,(100%-J29/J13*100%),IF(J13<J29,(J13/J29*100%)-100%,0)) -> 0 | K61: =IF(K13>K29,(100%-K29/K13*100%),IF(K13<K29,(K13/K29*100%)-100%,0)) -> 0 | L61: =IF(L13>L29,(100%-L29/L13*100%),IF(L13<L29,(L13/L29*100%)-100%,0)) -> 0 | M61: =IF(M13>M29,(100%-M29/M13*100%),IF(M13<M29,(M13/M29*100%)-100%,0)) -> 0 | ... X61: =IF(X13>X29,(100%-X29/X13*100%),IF(X13<X29,(X13/X29*100%)-100%,0)) -> 0
A62: 10 | B62: Случаи отравления людей угарным газом со смертельным исходом, от печного отопления (каминов) | C62: =IF(C14>C30,(100%-C30/C14*100%),IF(C14<C30,(C14/C30*100%)-100%,0)) -> 1 | F62: =IF(F14>F30,(100%-F30/F14*100%),IF(F14<F30,(F14/F30*100%)-100%,0)) -> 0 | G62: =IF(G14>G30,(100%-G30/G14*100%),IF(G14<G30,(G14/G30*100%)-100%,0)) -> 0 | H62: =IF(H14>H30,(100%-H30/H14*100%),IF(H14<H30,(H14/H30*100%)-100%,0)) -> 0 | I62: =IF(I14>I30,(100%-I30/I14*100%),IF(I14<I30,(I14/I30*100%)-100%,0)) -> 0 | J62: =IF(J14>J30,(100%-J30/J14*100%),IF(J14<J30,(J14/J30*100%)-100%,0)) -> 0 | K62: =IF(K14>K30,(100%-K30/K14*100%),IF(K14<K30,(K14/K30*100%)-100%,0)) -> 0 | L62: =IF(L14>L30,(100%-L30/L14*100%),IF(L14<L30,(L14/L30*100%)-100%,0)) -> 0 | M62: =IF(M14>M30,(100%-M30/M14*100%),IF(M14<M30,(M14/M30*100%)-100%,0)) -> 1 | ... X62: =IF(X14>X30,(100%-X30/X14*100%),IF(X14<X30,(X14/X30*100%)-100%,0)) -> 0
A63: 11 | B63: Случаи самовозгорания пирофорных соединений, без последствий и ущерба | C63: =IF(C15>C31,(100%-C31/C15*100%),IF(C15<C31,(C15/C31*100%)-100%,0)) -> 0 | F63: =IF(F15>F31,(100%-F31/F15*100%),IF(F15<F31,(F15/F31*100%)-100%,0)) -> 0 | G63: =IF(G15>G31,(100%-G31/G15*100%),IF(G15<G31,(G15/G31*100%)-100%,0)) -> 0 | H63: =IF(H15>H31,(100%-H31/H15*100%),IF(H15<H31,(H15/H31*100%)-100%,0)) -> 0 | I63: =IF(I15>I31,(100%-I31/I15*100%),IF(I15<I31,(I15/I31*100%)-100%,0)) -> 0 | J63: =IF(J15>J31,(100%-J31/J15*100%),IF(J15<J31,(J15/J31*100%)-100%,0)) -> 0 | K63: =IF(K15>K31,(100%-K31/K15*100%),IF(K15<K31,(K15/K31*100%)-100%,0)) -> 0 | L63: =IF(L15>L31,(100%-L31/L15*100%),IF(L15<L31,(L15/L31*100%)-100%,0)) -> 0 | M63: =IF(M15>M31,(100%-M31/M15*100%),IF(M15<M31,(M15/M31*100%)-100%,0)) -> 0 | ... X63: =IF(X15>X31,(100%-X31/X15*100%),IF(X15<X31,(X15/X31*100%)-100%,0)) -> 0
B64: ИТОГО: | C64: =IF(C16>C32,(100%-C32/C16*100%),IF(C16<C32,(C16/C32*100%)-100%,0)) -> 0.98648649 | F64: =IF(F16>F32,(100%-F32/F16*100%),IF(F16<F32,(F16/F32*100%)-100%,0)) -> 0 | G64: =IF(G16>G32,(100%-G32/G16*100%),IF(G16<G32,(G16/G32*100%)-100%,0)) -> 1 | H64: =IF(H16>H32,(100%-H32/H16*100%),IF(H16<H32,(H16/H32*100%)-100%,0)) -> 0 | I64: =IF(I16>I32,(100%-I32/I16*100%),IF(I16<I32,(I16/I32*100%)-100%,0)) -> 1 | J64: =IF(J16>J32,(100%-J32/J16*100%),IF(J16<J32,(J16/J32*100%)-100%,0)) -> 1 | K64: =IF(K16>K32,(100%-K32/K16*100%),IF(K16<K32,(K16/K32*100%)-100%,0)) -> 1 | L64: =IF(L16>L32,(100%-L32/L16*100%),IF(L16<L32,(L16/L32*100%)-100%,0)) -> 1 | M64: =IF(M16>M32,(100%-M32/M16*100%),IF(M16<M32,(M16/M32*100%)-100%,0)) -> 1 | ... X64: =IF(X16>X32,(100%-X32/X16*100%),IF(X16<X32,(X16/X32*100%)-100%,0)) -> 1

Sheet Ф3
D1: (форма 3)
A2: Сведения о причинах возникновения пожаров на территории Алматинской области
A3: Отчет за 2017 год | AC3: форма 6
A4: Причины возникновения пожаров | C4: Количество пожаров | D4: ущерб, тыс.тенге | E4: январь | G4: % от общего числа | I4: Карасайский | K4: Талгарский | M4: Илийский | O4: г.Капшагай | Q4: Енбекшиказахский | S4: Жамбылский | U4: Уйгурский | W4: Райымбекский | Y4: Балхашский | AA4: Северный регион | AC4: Аксуский | AE4: Алакольский | AG4: Каратальский | AI4: г.Текели | AK4: Коксуский | AM4: Кербулакский | AO4: Панфиловский | AQ4: Саркандский | AS4: Ескельдинский | AU4: г.Талдыкорган
E5: кол-во | F5: Ущерб | G5: Количество пожаров | H5: ущерб | I5: кол-во | J5: Ущерб | K5: кол-во | L5: Ущерб | M5: кол-во | N5: Ущерб | O5: кол-во | P5: Ущерб | Q5: кол-во | R5: Ущерб | S5: кол-во | T5: Ущерб | U5: кол-во | V5: Ущерб | W5: кол-во | X5: Ущерб | Y5: кол-во | Z5: Ущерб | AA5: кол-во | AB5: Ущерб | AC5: кол-во | AD5: Ущерб | AE5: кол-во | AF5: Ущерб | AG5: кол-во | AH5: Ущерб | AI5: кол-во | AJ5: Ущерб | AK5: кол-во | AL5: Ущерб | AM5: кол-во | AN5: Ущерб | AO5: кол-во | AP5: Ущерб | AQ5: кол-во | AR5: Ущерб | AS5: кол-во | AT5: Ущерб | AU5: кол-во | AV5: Ущерб
